<window>
<!--
	<defaultcontrol always="true">41</defaultcontrol>
-->
	<allowoverlay>no</allowoverlay>
	<views>2</views>
	<controls>
		<include>CommonBackground</include>
		<control type="image">
			<posx>0</posx>
			<posy>r</posy>
			<width>1280</width>
			<height></height>
			<texture>floor.png</texture>
			<animation effect="slide" start="0,10" end="0,0" time="200" condition="Window.Previous(Home)">WindowOpen</animation>
			<animation effect="slide" start="0,0" end="0,10" time="200" condition="Window.Next(Home)">WindowClose</animation>
		</control>
	<control type="group">
		<posx>90</posx>
		<posy>30</posy>
		<animation type="WindowOpen" reversible="false">
			<effect type="zoom" start="80" end="" center="640,360" easing="out" tween="back" time="300" />
			<effect type="fade" start="0" end="" time="300" />
		</animation>
		<animation type="WindowClose" reversible="false">
			<effect type="zoom" start="" end="80" center="640,360" easing="in" tween="back" time="300" />
			<effect type="fade" start="" end="0" time="300" />
		</animation>
		<control type="image">
			<posx>0</posx>
			<posy>0</posy>
			<width>1180</width>
			<height>658</height>
			<texture border="20">DialogBack2.png</texture>
		</control>
		<control type="button">
			<description>Close Window button</description>
			<posx>1050</posx>
			<posy>11</posy>
			<width>64</width>
			<height>32</height>
			<label>-</label>
			<font>-</font>
			<onclick>PreviousMenu</onclick>
			<texturefocus>DialogCloseButton-focus.png</texturefocus>
			<texturenofocus>DialogCloseButton.png</texturenofocus>
			<onleft>1</onleft>
			<onright>1</onright>
			<onup>1</onup>
			<ondown>1</ondown>
			<visible>system.getbool(input.enablemouse)</visible>
		</control>
		<control type="image">
			<posx>10</posx>
			<posy>10</posy>
			<width>1080</width>
			<height>70</height>
			<aspectratio>stretch</aspectratio>
			<texture>GlassTitleBar.png</texture>
		</control>
		<control type="label" id="1">
			<description>header label</description>
			<posx>20</posx>
			<posy>20</posy>
			<width>1060</width>
			<height>30</height>
			<font>font16caps</font>
			<label>$ADDON[pvr.sky 32009]</label>
			<align>left</align>
			<aligny>center</aligny>
			<textcolor>white</textcolor>
			<shadowcolor>black</shadowcolor>
		</control>            

		<!-- Scan Setting Menu -->
		<control type="group">
			<visible>IsEmpty(Window.Property(Scanning))</visible>
			<posx>60</posx>
			<posy>80</posy>
			<control type="label" id="34">
				<description>Signal label</description>
				<posx>0</posx>
				<posy>408</posy>
				<width>320</width>
				<height>30</height>
				<font>font13</font>
				<label>$ADDON[pvr.sky 32047]</label>
				<align>left</align>
				<aligny>center</aligny>
				<textcolor>white</textcolor>
				<shadowcolor>black</shadowcolor>
			</control>      
			<control type="progress" id="35">
				<description>Siganlbar</description>
				<posx>0</posx>
				<posy>448</posy>
				<width>320</width>
				<height>20</height>
				<midtexture border="6,0,6,0">OSDProgressMidYellow.png</midtexture>
			</control>      
			<control type="label" id="36">
				<description>Quality label</description>
				<posx>340</posx>
				<posy>408</posy>
				<width>320</width>
				<height>30</height>
				<font>font13</font>
				<label>$ADDON[pvr.sky 32048]</label>
				<align>left</align>
				<aligny>center</aligny>
				<textcolor>white</textcolor>
				<shadowcolor>black</shadowcolor>
			</control>
			<control type="progress" id="37">
				<description>Qualitybar</description>
				<posx>340</posx>
				<posy>448</posy>
				<width>320</width>
				<height>20</height>
		        <midtexture border="6,0,6,0">OSDProgressMidRed.png</midtexture>
			</control>

			<control type="spincontrolex" id="11">
				<description>Source Type</description>
				<posx>0</posx>
				<posy>0</posy>
				<width>670</width>
				<height>38</height>
				<font>font13</font>
				<textcolor>grey2</textcolor>
				<focusedcolor>white</focusedcolor>
				<texturefocus border="0,2,0,2">MenuItemFO.png</texturefocus>
				<texturenofocus border="0,2,0,2">MenuItemNF.png</texturenofocus>
				<aligny>center</aligny>
				<label>$ADDON[pvr.sky 32011]</label>
				<onright>2</onright>
				<onleft>11</onleft>
				<onup>11</onup>
				<ondown>12</ondown>
			</control>
			<control type="spincontrolex" id="12">
				<description>Terrestrial Country selection</description>
				<posx>0</posx>
				<posy>38</posy>
				<width>670</width>
				<height>38</height>
				<font>font13</font>
				<textcolor>grey2</textcolor>
				<focusedcolor>white</focusedcolor>
				<texturefocus border="0,2,0,2">MenuItemFO.png</texturefocus>
				<texturenofocus border="0,2,0,2">MenuItemNF.png</texturenofocus>
				<aligny>center</aligny>
				<label>$ADDON[pvr.sky 32017]</label>
				<onright>2</onright>
				<onleft>12</onleft>
				<onup>11</onup>
				<ondown>13</ondown>
				<animation effect="slide" start="0,0" end="0,-38" time="" condition="!Control.IsVisible(11)">Conditional</animation>
			</control>
			<control type="spincontrolex" id="13">
				<description>Cable Country selection</description>
				<posx>0</posx>
				<posy>76</posy>
				<width>670</width>
				<height>38</height>
				<font>font13</font>
				<textcolor>grey2</textcolor>
				<focusedcolor>white</focusedcolor>
				<texturefocus border="0,2,0,2">MenuItemFO.png</texturefocus>
				<texturenofocus border="0,2,0,2">MenuItemNF.png</texturenofocus>
				<aligny>center</aligny>
				<label>$ADDON[pvr.sky 32017]</label>
				<onright>2</onright>
				<onleft>13</onleft>
				<onup>12</onup>
				<ondown>14</ondown>
				<animation effect="slide" start="0,0" end="0,-38" time="" condition="!Control.IsVisible(11)">Conditional</animation>
				<animation effect="slide" start="0,0" end="0,-38" time="" condition="!Control.IsVisible(12)">Conditional</animation>
			</control>
			<control type="spincontrolex" id="14">
				<description>Satellite selection</description>
				<posx>0</posx>
				<posy>114</posy>
				<width>670</width>
				<height>38</height>
				<font>font13</font>
				<textcolor>grey2</textcolor>
				<focusedcolor>white</focusedcolor>
				<texturefocus border="0,2,0,2">MenuItemFO.png</texturefocus>
				<texturenofocus border="0,2,0,2">MenuItemNF.png</texturenofocus>
				<aligny>center</aligny>
				<label>$ADDON[pvr.sky 32022]</label>
				<onright>2</onright>
				<onleft>14</onleft>
				<onup>13</onup>
				<ondown>15</ondown>
				<animation effect="slide" start="0,0" end="0,-38" time="" condition="!Control.IsVisible(11)">Conditional</animation>
				<animation effect="slide" start="0,0" end="0,-38" time="" condition="!Control.IsVisible(12)">Conditional</animation>
				<animation effect="slide" start="0,0" end="0,-38" time="" condition="!Control.IsVisible(13)">Conditional</animation>
			</control>
			<control type="spincontrolex" id="15">
				<description>DVB-C Inversion</description>
				<posx>0</posx>
				<posy>152</posy>
				<width>670</width>
				<height>38</height>
				<font>font13</font>
				<textcolor>grey2</textcolor>
				<focusedcolor>white</focusedcolor>
				<texturefocus border="0,2,0,2">MenuItemFO.png</texturefocus>
				<texturenofocus border="0,2,0,2">MenuItemNF.png</texturenofocus>
				<aligny>center</aligny>
				<label>$ADDON[pvr.sky 32018]</label>
				<onright>2</onright>
				<onleft>15</onleft>
				<onup>14</onup>
				<ondown>16</ondown>
				<animation effect="slide" start="0,0" end="0,-38" time="" condition="!Control.IsVisible(11)">Conditional</animation>
				<animation effect="slide" start="0,0" end="0,-38" time="" condition="!Control.IsVisible(12)">Conditional</animation>
				<animation effect="slide" start="0,0" end="0,-38" time="" condition="!Control.IsVisible(13)">Conditional</animation>
				<animation effect="slide" start="0,0" end="0,-38" time="" condition="!Control.IsVisible(14)">Conditional</animation>
			</control>
			<control type="spincontrolex" id="16">
				<description>DVB-C Frequency</description>
				<posx>0</posx>
				<posy>190</posy>
				<width>670</width>
				<height>38</height>
				<font>font13</font>
				<textcolor>grey2</textcolor>
				<focusedcolor>white</focusedcolor>
				<texturefocus border="0,2,0,2">MenuItemFO.png</texturefocus>
				<texturenofocus border="0,2,0,2">MenuItemNF.png</texturenofocus>
				<aligny>center</aligny>
				<label>$ADDON[pvr.sky 32049]</label>
				<onright>2</onright>
				<onleft>16</onleft>
				<onup>15</onup>
				<ondown>17</ondown>
				<animation effect="slide" start="0,0" end="0,-38" time="" condition="!Control.IsVisible(11)">Conditional</animation>
				<animation effect="slide" start="0,0" end="0,-38" time="" condition="!Control.IsVisible(12)">Conditional</animation>
				<animation effect="slide" start="0,0" end="0,-38" time="" condition="!Control.IsVisible(13)">Conditional</animation>
				<animation effect="slide" start="0,0" end="0,-38" time="" condition="!Control.IsVisible(14)">Conditional</animation>
				<animation effect="slide" start="0,0" end="0,-38" time="" condition="!Control.IsVisible(15)">Conditional</animation>
			</control>
			<control type="spincontrolex" id="17">
				<description>DVB-C Symbolrate</description>
				<posx>0</posx>
				<posy>228</posy>
				<width>670</width>
				<height>38</height>
				<font>font13</font>
				<textcolor>grey2</textcolor>
				<focusedcolor>white</focusedcolor>
				<texturefocus border="0,2,0,2">MenuItemFO.png</texturefocus>
				<texturenofocus border="0,2,0,2">MenuItemNF.png</texturenofocus>
				<aligny>center</aligny>
				<label>$ADDON[pvr.sky 32019]</label>
				<onright>2</onright>
				<onleft>17</onleft>
				<onup>16</onup>
				<ondown>18</ondown>
				<animation effect="slide" start="0,0" end="0,-38" time="" condition="!Control.IsVisible(11)">Conditional</animation>
				<animation effect="slide" start="0,0" end="0,-38" time="" condition="!Control.IsVisible(12)">Conditional</animation>
				<animation effect="slide" start="0,0" end="0,-38" time="" condition="!Control.IsVisible(13)">Conditional</animation>
				<animation effect="slide" start="0,0" end="0,-38" time="" condition="!Control.IsVisible(14)">Conditional</animation>
				<animation effect="slide" start="0,0" end="0,-38" time="" condition="!Control.IsVisible(15)">Conditional</animation>
				<animation effect="slide" start="0,0" end="0,-38" time="" condition="!Control.IsVisible(16)">Conditional</animation>
			</control>
			<control type="spincontrolex" id="18">
				<description>DVB-C QAM</description>
				<posx>0</posx>
				<posy>266</posy>
				<width>670</width>
				<height>38</height>
				<font>font13</font>
				<textcolor>grey2</textcolor>
				<focusedcolor>white</focusedcolor>
				<texturefocus border="0,2,0,2">MenuItemFO.png</texturefocus>
				<texturenofocus border="0,2,0,2">MenuItemNF.png</texturenofocus>
				<aligny>center</aligny>
				<label>$ADDON[pvr.sky 32020]</label>
				<onright>2</onright>
				<onleft>18</onleft>
				<onup>17</onup>
				<ondown>19</ondown>
				<animation effect="slide" start="0,0" end="0,-38" time="" condition="!Control.IsVisible(11)">Conditional</animation>
				<animation effect="slide" start="0,0" end="0,-38" time="" condition="!Control.IsVisible(12)">Conditional</animation>
				<animation effect="slide" start="0,0" end="0,-38" time="" condition="!Control.IsVisible(13)">Conditional</animation>
				<animation effect="slide" start="0,0" end="0,-38" time="" condition="!Control.IsVisible(14)">Conditional</animation>
				<animation effect="slide" start="0,0" end="0,-38" time="" condition="!Control.IsVisible(15)">Conditional</animation>
				<animation effect="slide" start="0,0" end="0,-38" time="" condition="!Control.IsVisible(16)">Conditional</animation>
				<animation effect="slide" start="0,0" end="0,-38" time="" condition="!Control.IsVisible(17)">Conditional</animation>
			</control>
			<control type="spincontrolex" id="19">
				<description>DVB-T Inversion</description>
				<posx>0</posx>
				<posy>304</posy>
				<width>670</width>
				<height>38</height>
				<font>font13</font>
				<textcolor>grey2</textcolor>
				<focusedcolor>white</focusedcolor>
				<texturefocus border="0,2,0,2">MenuItemFO.png</texturefocus>
				<texturenofocus border="0,2,0,2">MenuItemNF.png</texturenofocus>
				<aligny>center</aligny>
				<label>$ADDON[pvr.sky 32021]</label>
				<onright>2</onright>
				<onleft>19</onleft>
				<onup>18</onup>
				<ondown>20</ondown>
				<animation effect="slide" start="0,0" end="0,-38" time="" condition="!Control.IsVisible(11)">Conditional</animation>
				<animation effect="slide" start="0,0" end="0,-38" time="" condition="!Control.IsVisible(12)">Conditional</animation>
				<animation effect="slide" start="0,0" end="0,-38" time="" condition="!Control.IsVisible(13)">Conditional</animation>
				<animation effect="slide" start="0,0" end="0,-38" time="" condition="!Control.IsVisible(14)">Conditional</animation>
				<animation effect="slide" start="0,0" end="0,-38" time="" condition="!Control.IsVisible(15)">Conditional</animation>
				<animation effect="slide" start="0,0" end="0,-38" time="" condition="!Control.IsVisible(16)">Conditional</animation>
				<animation effect="slide" start="0,0" end="0,-38" time="" condition="!Control.IsVisible(17)">Conditional</animation>
				<animation effect="slide" start="0,0" end="0,-38" time="" condition="!Control.IsVisible(18)">Conditional</animation>
			</control>
			<control type="spincontrolex" id="20">
				<description>ATSC Type</description>
				<posx>0</posx>
				<posy>342</posy>
				<width>670</width>
				<height>38</height>
				<font>font13</font>
				<textcolor>grey2</textcolor>
				<focusedcolor>white</focusedcolor>
				<texturefocus border="0,2,0,2">MenuItemFO.png</texturefocus>
				<texturenofocus border="0,2,0,2">MenuItemNF.png</texturenofocus>
				<aligny>center</aligny>
				<label>$ADDON[pvr.sky 32023]</label>
				<onright>2</onright>
				<onleft>20</onleft>
				<onup>19</onup>
				<ondown>21</ondown>
				<animation effect="slide" start="0,0" end="0,-38" time="" condition="!Control.IsVisible(11)">Conditional</animation>
				<animation effect="slide" start="0,0" end="0,-38" time="" condition="!Control.IsVisible(12)">Conditional</animation>
				<animation effect="slide" start="0,0" end="0,-38" time="" condition="!Control.IsVisible(13)">Conditional</animation>
				<animation effect="slide" start="0,0" end="0,-38" time="" condition="!Control.IsVisible(14)">Conditional</animation>
				<animation effect="slide" start="0,0" end="0,-38" time="" condition="!Control.IsVisible(15)">Conditional</animation>
				<animation effect="slide" start="0,0" end="0,-38" time="" condition="!Control.IsVisible(16)">Conditional</animation>
				<animation effect="slide" start="0,0" end="0,-38" time="" condition="!Control.IsVisible(17)">Conditional</animation>
				<animation effect="slide" start="0,0" end="0,-38" time="" condition="!Control.IsVisible(18)">Conditional</animation>
				<animation effect="slide" start="0,0" end="0,-38" time="" condition="!Control.IsVisible(19)">Conditional</animation>
			</control>
			<control type="spincontrolex" id="21">
				<description>LNB Type</description>
				<posx>0</posx>
				<posy>380</posy>
				<width>670</width>
				<height>38</height>
				<font>font13</font>
				<textcolor>grey2</textcolor>
				<focusedcolor>white</focusedcolor>
				<texturefocus border="0,2,0,2">MenuItemFO.png</texturefocus>
				<texturenofocus border="0,2,0,2">MenuItemNF.png</texturenofocus>
				<aligny>center</aligny>
				<label>$ADDON[pvr.sky 32050]</label>
				<onright>2</onright>
				<onleft>21</onleft>
				<onup>20</onup>
				<ondown>22</ondown>
				<animation effect="slide" start="0,0" end="0,-38" time="" condition="!Control.IsVisible(11)">Conditional</animation>
				<animation effect="slide" start="0,0" end="0,-38" time="" condition="!Control.IsVisible(12)">Conditional</animation>
				<animation effect="slide" start="0,0" end="0,-38" time="" condition="!Control.IsVisible(13)">Conditional</animation>
				<animation effect="slide" start="0,0" end="0,-38" time="" condition="!Control.IsVisible(14)">Conditional</animation>
				<animation effect="slide" start="0,0" end="0,-38" time="" condition="!Control.IsVisible(15)">Conditional</animation>
				<animation effect="slide" start="0,0" end="0,-38" time="" condition="!Control.IsVisible(16)">Conditional</animation>
				<animation effect="slide" start="0,0" end="0,-38" time="" condition="!Control.IsVisible(17)">Conditional</animation>
				<animation effect="slide" start="0,0" end="0,-38" time="" condition="!Control.IsVisible(18)">Conditional</animation>
				<animation effect="slide" start="0,0" end="0,-38" time="" condition="!Control.IsVisible(19)">Conditional</animation>
				<animation effect="slide" start="0,0" end="0,-38" time="" condition="!Control.IsVisible(20)">Conditional</animation>
			</control>
			<control type="spincontrolex" id="22">
				<description>LNB Hi-Band</description>
				<posx>0</posx>
				<posy>418</posy>
				<width>670</width>
				<height>38</height>
				<font>font13</font>
				<textcolor>grey2</textcolor>
				<focusedcolor>white</focusedcolor>
				<texturefocus border="0,2,0,2">MenuItemFO.png</texturefocus>
				<texturenofocus border="0,2,0,2">MenuItemNF.png</texturenofocus>
				<aligny>center</aligny>
				<label>$ADDON[pvr.sky 32061]</label>
				<onright>2</onright>
				<onleft>22</onleft>
				<onup>21</onup>
				<ondown>23</ondown>
				<animation effect="slide" start="0,0" end="0,-38" time="" condition="!Control.IsVisible(11)">Conditional</animation>
				<animation effect="slide" start="0,0" end="0,-38" time="" condition="!Control.IsVisible(12)">Conditional</animation>
				<animation effect="slide" start="0,0" end="0,-38" time="" condition="!Control.IsVisible(13)">Conditional</animation>
				<animation effect="slide" start="0,0" end="0,-38" time="" condition="!Control.IsVisible(14)">Conditional</animation>
				<animation effect="slide" start="0,0" end="0,-38" time="" condition="!Control.IsVisible(15)">Conditional</animation>
				<animation effect="slide" start="0,0" end="0,-38" time="" condition="!Control.IsVisible(16)">Conditional</animation>
				<animation effect="slide" start="0,0" end="0,-38" time="" condition="!Control.IsVisible(17)">Conditional</animation>
				<animation effect="slide" start="0,0" end="0,-38" time="" condition="!Control.IsVisible(18)">Conditional</animation>
				<animation effect="slide" start="0,0" end="0,-38" time="" condition="!Control.IsVisible(19)">Conditional</animation>
				<animation effect="slide" start="0,0" end="0,-38" time="" condition="!Control.IsVisible(20)">Conditional</animation>
				<animation effect="slide" start="0,0" end="0,-38" time="" condition="!Control.IsVisible(21)">Conditional</animation>
			</control>
			<control type="spincontrolex" id="23">
				<description>LNB Low-Band</description>
				<posx>0</posx>
				<posy>456</posy>
				<width>670</width>
				<height>38</height>
				<font>font13</font>
				<textcolor>grey2</textcolor>
				<focusedcolor>white</focusedcolor>
				<texturefocus border="0,2,0,2">MenuItemFO.png</texturefocus>
				<texturenofocus border="0,2,0,2">MenuItemNF.png</texturenofocus>
				<aligny>center</aligny>
				<label>$ADDON[pvr.sky 32062]</label>
				<onright>2</onright>
				<onleft>23</onleft>
				<onup>22</onup>
				<ondown>24</ondown>
				<animation effect="slide" start="0,0" end="0,-38" time="" condition="!Control.IsVisible(11)">Conditional</animation>
				<animation effect="slide" start="0,0" end="0,-38" time="" condition="!Control.IsVisible(12)">Conditional</animation>
				<animation effect="slide" start="0,0" end="0,-38" time="" condition="!Control.IsVisible(13)">Conditional</animation>
				<animation effect="slide" start="0,0" end="0,-38" time="" condition="!Control.IsVisible(14)">Conditional</animation>
				<animation effect="slide" start="0,0" end="0,-38" time="" condition="!Control.IsVisible(15)">Conditional</animation>
				<animation effect="slide" start="0,0" end="0,-38" time="" condition="!Control.IsVisible(16)">Conditional</animation>
				<animation effect="slide" start="0,0" end="0,-38" time="" condition="!Control.IsVisible(17)">Conditional</animation>
				<animation effect="slide" start="0,0" end="0,-38" time="" condition="!Control.IsVisible(18)">Conditional</animation>
				<animation effect="slide" start="0,0" end="0,-38" time="" condition="!Control.IsVisible(19)">Conditional</animation>
				<animation effect="slide" start="0,0" end="0,-38" time="" condition="!Control.IsVisible(20)">Conditional</animation>
				<animation effect="slide" start="0,0" end="0,-38" time="" condition="!Control.IsVisible(21)">Conditional</animation>
				<animation effect="slide" start="0,0" end="0,-38" time="" condition="!Control.IsVisible(22)">Conditional</animation>
			</control>
			<control type="spincontrolex" id="24">
				<description>LNB Power</description>
				<posx>0</posx>
				<posy>494</posy>
				<width>670</width>
				<height>38</height>
				<font>font13</font>
				<textcolor>grey2</textcolor>
				<focusedcolor>white</focusedcolor>
				<texturefocus border="0,2,0,2">MenuItemFO.png</texturefocus>
				<texturenofocus border="0,2,0,2">MenuItemNF.png</texturenofocus>
				<aligny>center</aligny>
				<label>$ADDON[pvr.sky 32051]</label>
				<onright>2</onright>
				<onleft>24</onleft>
				<onup>23</onup>
				<ondown>25</ondown>
				<animation effect="slide" start="0,0" end="0,-38" time="" condition="!Control.IsVisible(11)">Conditional</animation>
				<animation effect="slide" start="0,0" end="0,-38" time="" condition="!Control.IsVisible(12)">Conditional</animation>
				<animation effect="slide" start="0,0" end="0,-38" time="" condition="!Control.IsVisible(13)">Conditional</animation>
				<animation effect="slide" start="0,0" end="0,-38" time="" condition="!Control.IsVisible(14)">Conditional</animation>
				<animation effect="slide" start="0,0" end="0,-38" time="" condition="!Control.IsVisible(15)">Conditional</animation>
				<animation effect="slide" start="0,0" end="0,-38" time="" condition="!Control.IsVisible(16)">Conditional</animation>
				<animation effect="slide" start="0,0" end="0,-38" time="" condition="!Control.IsVisible(17)">Conditional</animation>
				<animation effect="slide" start="0,0" end="0,-38" time="" condition="!Control.IsVisible(18)">Conditional</animation>
				<animation effect="slide" start="0,0" end="0,-38" time="" condition="!Control.IsVisible(19)">Conditional</animation>
				<animation effect="slide" start="0,0" end="0,-38" time="" condition="!Control.IsVisible(20)">Conditional</animation>
				<animation effect="slide" start="0,0" end="0,-38" time="" condition="!Control.IsVisible(21)">Conditional</animation>
				<animation effect="slide" start="0,0" end="0,-38" time="" condition="!Control.IsVisible(22)">Conditional</animation>
				<animation effect="slide" start="0,0" end="0,-38" time="" condition="!Control.IsVisible(23)">Conditional</animation>
			</control>
			<control type="spincontrolex" id="25">
				<description>22KHz</description>
				<posx>0</posx>
				<posy>532</posy>
				<width>670</width>
				<height>38</height>
				<font>font13</font>
				<textcolor>grey2</textcolor>
				<focusedcolor>white</focusedcolor>
				<texturefocus border="0,2,0,2">MenuItemFO.png</texturefocus>
				<texturenofocus border="0,2,0,2">MenuItemNF.png</texturenofocus>
				<aligny>center</aligny>
				<label>$ADDON[pvr.sky 32052]</label>
				<onright>2</onright>
				<onleft>25</onleft>
				<onup>24</onup>
				<ondown>26</ondown>
				<animation effect="slide" start="0,0" end="0,-38" time="" condition="!Control.IsVisible(11)">Conditional</animation>
				<animation effect="slide" start="0,0" end="0,-38" time="" condition="!Control.IsVisible(12)">Conditional</animation>
				<animation effect="slide" start="0,0" end="0,-38" time="" condition="!Control.IsVisible(13)">Conditional</animation>
				<animation effect="slide" start="0,0" end="0,-38" time="" condition="!Control.IsVisible(14)">Conditional</animation>
				<animation effect="slide" start="0,0" end="0,-38" time="" condition="!Control.IsVisible(15)">Conditional</animation>
				<animation effect="slide" start="0,0" end="0,-38" time="" condition="!Control.IsVisible(16)">Conditional</animation>
				<animation effect="slide" start="0,0" end="0,-38" time="" condition="!Control.IsVisible(17)">Conditional</animation>
				<animation effect="slide" start="0,0" end="0,-38" time="" condition="!Control.IsVisible(18)">Conditional</animation>
				<animation effect="slide" start="0,0" end="0,-38" time="" condition="!Control.IsVisible(19)">Conditional</animation>
				<animation effect="slide" start="0,0" end="0,-38" time="" condition="!Control.IsVisible(20)">Conditional</animation>
				<animation effect="slide" start="0,0" end="0,-38" time="" condition="!Control.IsVisible(21)">Conditional</animation>
				<animation effect="slide" start="0,0" end="0,-38" time="" condition="!Control.IsVisible(22)">Conditional</animation>
				<animation effect="slide" start="0,0" end="0,-38" time="" condition="!Control.IsVisible(23)">Conditional</animation>
				<animation effect="slide" start="0,0" end="0,-38" time="" condition="!Control.IsVisible(24)">Conditional</animation>
			</control>
			<control type="spincontrolex" id="26">
				<description>DiSEqC 1.0</description>
				<posx>0</posx>
				<posy>570</posy>
				<width>670</width>
				<height>38</height>
				<font>font13</font>
				<textcolor>grey2</textcolor>
				<focusedcolor>white</focusedcolor>
				<texturefocus border="0,2,0,2">MenuItemFO.png</texturefocus>
				<texturenofocus border="0,2,0,2">MenuItemNF.png</texturenofocus>
				<aligny>center</aligny>
				<label>$ADDON[pvr.sky 32053]</label>
				<onright>2</onright>
				<onleft>26</onleft>
				<onup>25</onup>
				<ondown>27</ondown>
				<animation effect="slide" start="0,0" end="0,-38" time="" condition="!Control.IsVisible(11)">Conditional</animation>
				<animation effect="slide" start="0,0" end="0,-38" time="" condition="!Control.IsVisible(12)">Conditional</animation>
				<animation effect="slide" start="0,0" end="0,-38" time="" condition="!Control.IsVisible(13)">Conditional</animation>
				<animation effect="slide" start="0,0" end="0,-38" time="" condition="!Control.IsVisible(14)">Conditional</animation>
				<animation effect="slide" start="0,0" end="0,-38" time="" condition="!Control.IsVisible(15)">Conditional</animation>
				<animation effect="slide" start="0,0" end="0,-38" time="" condition="!Control.IsVisible(16)">Conditional</animation>
				<animation effect="slide" start="0,0" end="0,-38" time="" condition="!Control.IsVisible(17)">Conditional</animation>
				<animation effect="slide" start="0,0" end="0,-38" time="" condition="!Control.IsVisible(18)">Conditional</animation>
				<animation effect="slide" start="0,0" end="0,-38" time="" condition="!Control.IsVisible(19)">Conditional</animation>
				<animation effect="slide" start="0,0" end="0,-38" time="" condition="!Control.IsVisible(20)">Conditional</animation>
				<animation effect="slide" start="0,0" end="0,-38" time="" condition="!Control.IsVisible(21)">Conditional</animation>
				<animation effect="slide" start="0,0" end="0,-38" time="" condition="!Control.IsVisible(22)">Conditional</animation>
				<animation effect="slide" start="0,0" end="0,-38" time="" condition="!Control.IsVisible(23)">Conditional</animation>
				<animation effect="slide" start="0,0" end="0,-38" time="" condition="!Control.IsVisible(24)">Conditional</animation>
				<animation effect="slide" start="0,0" end="0,-38" time="" condition="!Control.IsVisible(25)">Conditional</animation>
			</control>
			<control type="spincontrolex" id="27">
				<description>DiSEqC 1.1</description>
				<posx>0</posx>
				<posy>608</posy>
				<width>670</width>
				<height>38</height>
				<font>font13</font>
				<textcolor>grey2</textcolor>
				<focusedcolor>white</focusedcolor>
				<texturefocus border="0,2,0,2">MenuItemFO.png</texturefocus>
				<texturenofocus border="0,2,0,2">MenuItemNF.png</texturenofocus>
				<aligny>center</aligny>
				<label>$ADDON[pvr.sky 32063]</label>
				<onright>2</onright>
				<onleft>27</onleft>
				<onup>26</onup>
				<ondown>28</ondown>
				<animation effect="slide" start="0,0" end="0,-38" time="" condition="!Control.IsVisible(11)">Conditional</animation>
				<animation effect="slide" start="0,0" end="0,-38" time="" condition="!Control.IsVisible(12)">Conditional</animation>
				<animation effect="slide" start="0,0" end="0,-38" time="" condition="!Control.IsVisible(13)">Conditional</animation>
				<animation effect="slide" start="0,0" end="0,-38" time="" condition="!Control.IsVisible(14)">Conditional</animation>
				<animation effect="slide" start="0,0" end="0,-38" time="" condition="!Control.IsVisible(15)">Conditional</animation>
				<animation effect="slide" start="0,0" end="0,-38" time="" condition="!Control.IsVisible(16)">Conditional</animation>
				<animation effect="slide" start="0,0" end="0,-38" time="" condition="!Control.IsVisible(17)">Conditional</animation>
				<animation effect="slide" start="0,0" end="0,-38" time="" condition="!Control.IsVisible(18)">Conditional</animation>
				<animation effect="slide" start="0,0" end="0,-38" time="" condition="!Control.IsVisible(19)">Conditional</animation>
				<animation effect="slide" start="0,0" end="0,-38" time="" condition="!Control.IsVisible(20)">Conditional</animation>
				<animation effect="slide" start="0,0" end="0,-38" time="" condition="!Control.IsVisible(21)">Conditional</animation>
				<animation effect="slide" start="0,0" end="0,-38" time="" condition="!Control.IsVisible(22)">Conditional</animation>
				<animation effect="slide" start="0,0" end="0,-38" time="" condition="!Control.IsVisible(23)">Conditional</animation>
				<animation effect="slide" start="0,0" end="0,-38" time="" condition="!Control.IsVisible(24)">Conditional</animation>
				<animation effect="slide" start="0,0" end="0,-38" time="" condition="!Control.IsVisible(25)">Conditional</animation>
				<animation effect="slide" start="0,0" end="0,-38" time="" condition="!Control.IsVisible(26)">Conditional</animation>
			</control>
			<control type="spincontrolex" id="28">
				<description>Network Search</description>
				<posx>0</posx>
				<posy>646</posy>
				<width>670</width>
				<height>38</height>
				<font>font13</font>
				<textcolor>grey2</textcolor>
				<focusedcolor>white</focusedcolor>
				<texturefocus border="0,2,0,2">MenuItemFO.png</texturefocus>
				<texturenofocus border="0,2,0,2">MenuItemNF.png</texturenofocus>
				<aligny>center</aligny>
				<label>$ADDON[pvr.sky 32074]</label>
				<onright>2</onright>
				<onleft>28</onleft>
				<onup>27</onup>
				<ondown>29</ondown>
				<animation effect="slide" start="0,0" end="0,-38" time="" condition="!Control.IsVisible(11)">Conditional</animation>
				<animation effect="slide" start="0,0" end="0,-38" time="" condition="!Control.IsVisible(12)">Conditional</animation>
				<animation effect="slide" start="0,0" end="0,-38" time="" condition="!Control.IsVisible(13)">Conditional</animation>
				<animation effect="slide" start="0,0" end="0,-38" time="" condition="!Control.IsVisible(14)">Conditional</animation>
				<animation effect="slide" start="0,0" end="0,-38" time="" condition="!Control.IsVisible(15)">Conditional</animation>
				<animation effect="slide" start="0,0" end="0,-38" time="" condition="!Control.IsVisible(16)">Conditional</animation>
				<animation effect="slide" start="0,0" end="0,-38" time="" condition="!Control.IsVisible(17)">Conditional</animation>
				<animation effect="slide" start="0,0" end="0,-38" time="" condition="!Control.IsVisible(18)">Conditional</animation>
				<animation effect="slide" start="0,0" end="0,-38" time="" condition="!Control.IsVisible(19)">Conditional</animation>
				<animation effect="slide" start="0,0" end="0,-38" time="" condition="!Control.IsVisible(20)">Conditional</animation>
				<animation effect="slide" start="0,0" end="0,-38" time="" condition="!Control.IsVisible(21)">Conditional</animation>
				<animation effect="slide" start="0,0" end="0,-38" time="" condition="!Control.IsVisible(22)">Conditional</animation>
				<animation effect="slide" start="0,0" end="0,-38" time="" condition="!Control.IsVisible(23)">Conditional</animation>
				<animation effect="slide" start="0,0" end="0,-38" time="" condition="!Control.IsVisible(24)">Conditional</animation>
				<animation effect="slide" start="0,0" end="0,-38" time="" condition="!Control.IsVisible(25)">Conditional</animation>
				<animation effect="slide" start="0,0" end="0,-38" time="" condition="!Control.IsVisible(26)">Conditional</animation>
				<animation effect="slide" start="0,0" end="0,-38" time="" condition="!Control.IsVisible(27)">Conditional</animation>
			</control>
			<control type="spincontrolex" id="29">
				<description>FTACAS Search</description>
				<posx>0</posx>
				<posy>684</posy>
				<width>670</width>
				<height>38</height>
				<font>font13</font>
				<textcolor>grey2</textcolor>
				<focusedcolor>white</focusedcolor>
				<texturefocus border="0,2,0,2">MenuItemFO.png</texturefocus>
				<texturenofocus border="0,2,0,2">MenuItemNF.png</texturenofocus>
				<aligny>center</aligny>
				<label>$LOCALIZE[456]</label>
				<onright>2</onright>
				<onleft>29</onleft>
				<onup>28</onup>
				<ondown>41</ondown>
				<animation effect="slide" start="0,0" end="0,-38" time="" condition="!Control.IsVisible(11)">Conditional</animation>
				<animation effect="slide" start="0,0" end="0,-38" time="" condition="!Control.IsVisible(12)">Conditional</animation>
				<animation effect="slide" start="0,0" end="0,-38" time="" condition="!Control.IsVisible(13)">Conditional</animation>
				<animation effect="slide" start="0,0" end="0,-38" time="" condition="!Control.IsVisible(14)">Conditional</animation>
				<animation effect="slide" start="0,0" end="0,-38" time="" condition="!Control.IsVisible(15)">Conditional</animation>
				<animation effect="slide" start="0,0" end="0,-38" time="" condition="!Control.IsVisible(16)">Conditional</animation>
				<animation effect="slide" start="0,0" end="0,-38" time="" condition="!Control.IsVisible(17)">Conditional</animation>
				<animation effect="slide" start="0,0" end="0,-38" time="" condition="!Control.IsVisible(18)">Conditional</animation>
				<animation effect="slide" start="0,0" end="0,-38" time="" condition="!Control.IsVisible(19)">Conditional</animation>
				<animation effect="slide" start="0,0" end="0,-38" time="" condition="!Control.IsVisible(20)">Conditional</animation>
				<animation effect="slide" start="0,0" end="0,-38" time="" condition="!Control.IsVisible(21)">Conditional</animation>
				<animation effect="slide" start="0,0" end="0,-38" time="" condition="!Control.IsVisible(22)">Conditional</animation>
				<animation effect="slide" start="0,0" end="0,-38" time="" condition="!Control.IsVisible(23)">Conditional</animation>
				<animation effect="slide" start="0,0" end="0,-38" time="" condition="!Control.IsVisible(24)">Conditional</animation>
				<animation effect="slide" start="0,0" end="0,-38" time="" condition="!Control.IsVisible(25)">Conditional</animation>
				<animation effect="slide" start="0,0" end="0,-38" time="" condition="!Control.IsVisible(26)">Conditional</animation>
				<animation effect="slide" start="0,0" end="0,-38" time="" condition="!Control.IsVisible(27)">Conditional</animation>
				<animation effect="slide" start="0,0" end="0,-38" time="" condition="!Control.IsVisible(28)">Conditional</animation>
			</control>

		</control>
		<control type="group">
			<posx>60</posx>
			<posy>588</posy>
			<control type="button" id="41">
				<description>Scan SAT</description>
				<visible>IsEmpty(Window.Property(Scanning))</visible>
				<posx>0</posx>
				<posy>0</posy>
				<width>250</width>
				<height>40</height>
				<label>$ADDON[pvr.sky 32010]</label>
				<font>font13_title</font>
				<textcolor>red</textcolor>
				<shadowcolor>black</shadowcolor>
				<align>center</align>
				<aligny>center</aligny>
				<onleft>41</onleft>
				<onright>42</onright>
				<onup>29</onup>
				<ondown>41</ondown>
			</control>
			<control type="button" id="42">
				<description>Scan TP</description>
				<posx>250</posx>
				<posy>0</posy>
				<width>250</width>
				<height>40</height>
				<label>$ADDON[pvr.sky 32056]</label>
				<font>font13_title</font>
				<textcolor>green</textcolor>
				<shadowcolor>black</shadowcolor>
				<align>center</align>
				<aligny>center</aligny>
				<onleft>41</onleft>
				<onright>44</onright>
				<onup>29</onup>
				<ondown>42</ondown>
				<visible>IsEmpty(Window.Property(Scanning))</visible>
			</control>
<!--
			<control type="button" id="43">
				<description>Blind Scan</description>
				<posx>340</posx>
				<posy>0</posy>
				<width>160</width>
				<height>40</height>
				<label>$ADDON[pvr.sky 32057]</label>
				<font>font13_title</font>
				<textcolor>yellow</textcolor>
				<shadowcolor>black</shadowcolor>
				<align>center</align>
				<aligny>center</aligny>
				<onleft>42</onleft>
				<onright>44</onright>
				<onup>29</onup>
				<ondown>43</ondown>
				<visible>IsEmpty(Window.Property(Scanning))</visible>
			</control>
-->
			<control type="button" id="44">
				<description>Edit TP/SAT</description>
				<posx>500</posx>
				<posy>0</posy>
				<width>250</width>
				<height>40</height>
				<label>$ADDON[pvr.sky 32092]</label>
				<font>font13_title</font>
				<textcolor>yellow</textcolor>
				<shadowcolor>black</shadowcolor>
				<align>center</align>
				<aligny>center</aligny>
				<onleft>42</onleft>
				<onright>45</onright>
				<onup>29</onup>
				<ondown>44</ondown>
				<visible>IsEmpty(Window.Property(Scanning))</visible>
			</control>
			<control type="button" id="45">
				<description>Add PID</description>
				<posx>750</posx>
				<posy>0</posy>
				<width>250</width>
				<height>40</height>
				<label>$ADDON[pvr.sky 32105]</label>
				<font>font13_title</font>
				<textcolor>blue</textcolor>
				<shadowcolor>black</shadowcolor>
				<align>center</align>
				<aligny>center</aligny>
				<onleft>44</onleft>
				<onright>45</onright>
				<onup>29</onup>
				<ondown>45</ondown>
				<visible>IsEmpty(Window.Property(Scanning))</visible>
			</control>

		</control>
		<control type="image">
			<visible>IsEmpty(Window.Property(Scanning))</visible>
			<posx>830</posx>
			<posy>80</posy>
			<width>5</width>
			<height>478</height>
			<aspectratio>stretch</aspectratio>
			<texture>separator_vertical.png</texture>
		</control>
		<control type="group">
			<visible>IsEmpty(Window.Property(Scanning))</visible>
			<control type="list" id="2">
				<posx>850</posx>
				<posy>80</posy>
				<width>300</width>
				<height>478</height>
				<onup>2</onup>
				<ondown>2</ondown>
				<!--onleft>Window.Property(PreviousId)</onleft-->
				<onright>2</onright>
				<pagecontrol>3</pagecontrol>
				<scrolltime>200</scrolltime>
				<itemlayout height="40" width="300">
					<control type="image">
						<posx>0</posx>
						<posy>0</posy>
						<width>300</width>
						<height>40</height>
						<aspectratio>stretch</aspectratio>
						<texture border="5">MenuItemNF.png</texture>
					</control>
					<control type="label">
						<posx>20</posx>
						<posy>0</posy>
						<width>260</width>
						<height>40</height>
						<font>font13</font>
						<align>left</align>
						<aligny>center</aligny>
						<textcolor>grey2</textcolor>
						<selectedcolor>selected</selectedcolor>
						<info>ListItem.Label</info>
					</control>
				</itemlayout>
				<focusedlayout height="40" width="300">
					<control type="image">
						<posx>0</posx>
						<posy>0</posy>
						<width>300</width>
						<height>40</height>
						<aspectratio>stretch</aspectratio>
						<texture border="5">MenuItemNF.png</texture>
						<visible>!Control.HasFocus(2)</visible>
						<include>VisibleFadeEffect</include>
					</control>
					<control type="image">
						<posx>0</posx>
						<posy>0</posy>
						<width>300</width>
						<height>40</height>
						<aspectratio>stretch</aspectratio>
						<texture border="5">MenuItemFO.png</texture>
						<visible>Control.HasFocus(2)</visible>
						<include>VisibleFadeEffect</include>
					</control>
					<control type="label">
						<posx>20</posx>
						<posy>0</posy>
						<width>260</width>
						<height>40</height>
						<font>font13</font>
						<align>left</align>
						<aligny>center</aligny>
						<textcolor>grey2</textcolor>
						<selectedcolor>selected</selectedcolor>
						<info>ListItem.Label</info>
					</control>
				</focusedlayout>
			</control>
			<control type="scrollbar" id="3">
				<visible>IsEmpty(Window.Property(Scanning))</visible>
				<posx>800</posx>
				<posy>80</posy>
				<width>25</width>
				<height>478</height>
				<texturesliderbackground border="0,14,0,14">ScrollBarV.png</texturesliderbackground>
				<texturesliderbar border="0,14,0,14">ScrollBarV_bar.png</texturesliderbar>
				<texturesliderbarfocus border="0,14,0,14">ScrollBarV_bar_focus.png</texturesliderbarfocus>
				<textureslidernib>ScrollBarNib.png</textureslidernib>
				<textureslidernibfocus>ScrollBarNib.png</textureslidernibfocus>
				<onleft>2</onleft>
				<onright>10</onright>
				<showonepage>true</showonepage>
				<orientation>vertical</orientation>
			</control>
		</control>

		<!-- Scan Progress -->
		<control type="group">
			<visible>!IsEmpty(Window.Property(Scanning))</visible>
			<control type="progress" id="81">
				<description>Progressbar</description>
				<posx>60</posx>
				<posy>60</posy>
				<width>1020</width>
				<height>14</height>
		        <midtexture border="6,0,6,0">OSDProgressMidYellow.png</midtexture>
			</control>
			<control type="label">
				<description>type label</description>
				<posx>60</posx>
				<posy>110</posy>
				<width>310</width>
				<height>30</height>
				<font>font13</font>
				<label>$ADDON[pvr.sky 32026]</label>
				<align>left</align>
				<aligny>center</aligny>
				<textcolor>blue</textcolor>
				<shadowcolor>black</shadowcolor>
			</control>
			<control type="label" id="83">
				<description>type value</description>
				<posx>80</posx>
				<posy>140</posy>
				<width>290</width>
				<height>30</height>
				<font>font13</font>
				<label>-</label>
				<align>left</align>
				<aligny>center</aligny>
				<textcolor>white</textcolor>
				<shadowcolor>black</shadowcolor>
			</control>
			<control type="label" id="84">
				<description>satellite label</description>
				<posx>60</posx>
				<posy>170</posy>
				<width>310</width>
				<height>30</height>
				<font>font13</font>
				<label>-</label>
				<align>left</align>
				<aligny>center</aligny>
				<textcolor>blue</textcolor>
				<shadowcolor>black</shadowcolor>
			</control>
			<control type="label" id="85">
				<description>satellite value</description>
				<posx>80</posx>
				<posy>200</posy>
				<width>290</width>
				<height>30</height>
				<font>font13</font>
				<label>-</label>
				<align>left</align>
				<aligny>center</aligny>
				<textcolor>white</textcolor>
				<shadowcolor>black</shadowcolor>
			</control>
			<control type="label">
				<description>transponder label</description>
				<posx>60</posx>
				<posy>240</posy>
				<width>310</width>
				<height>30</height>
				<font>font13</font>
				<label>$ADDON[pvr.sky 32034]</label>
				<align>left</align>
				<aligny>center</aligny>
				<textcolor>blue</textcolor>
				<shadowcolor>black</shadowcolor>
			</control>
			<control type="label" id="87">
				<description>transponder value</description>
				<posx>80</posx>
				<posy>270</posy>
				<width>290</width>
				<height>30</height>
				<font>font13</font>
				<label>-</label>
				<align>left</align>
				<aligny>center</aligny>
				<!--textcolor>white</textcolor-->
				<shadowcolor>black</shadowcolor>
			</control>
			<control type="label" id="34">
				<description>Signal label</description>
				<posx>60</posx>
				<posy>340</posy>
				<width>310</width>
				<height>30</height>
				<font>font13</font>
				<label>$ADDON[pvr.sky 32047]</label>
				<align>left</align>
				<aligny>center</aligny>
				<textcolor>white</textcolor>
				<shadowcolor>black</shadowcolor>
			</control>      
			<control type="progress" id="89">
				<description>Siganlbar2</description>
				<posx>60</posx>
				<posy>375</posy>
				<width>310</width>
				<height>20</height>
				<midtexture border="6,0,6,0">OSDProgressMidYellow.png</midtexture>
			</control>      
			<control type="label" id="36">
				<description>Quality label</description>
				<posx>60</posx>
				<posy>400</posy>
				<width>310</width>
				<height>30</height>
				<font>font13</font>
				<label>$ADDON[pvr.sky 32048]</label>
				<align>left</align>
				<aligny>center</aligny>
				<textcolor>white</textcolor>
				<shadowcolor>black</shadowcolor>
			</control>
			<control type="progress" id="91">
				<description>Qualitybar2</description>
				<posx>60</posx>
				<posy>435</posy>
				<width>310</width>
				<height>20</height>
		        <midtexture border="6,0,6,0">OSDProgressMidRed.png</midtexture>
			</control>
			<!--control type="image">
			  <posx>215</posx>
			  <posy>170</posy>
			  <width>30</width>
			  <height>30</height>
			  <aspectratio>stretch</aspectratio>
			  <texture>amt-overlay-watched.png</texture>
			  <visible>!IsEmpty(Window.Property(Locked))</visible>
			</control -->
			<control type="button" id="97">
				<description>Exit</description>
				<posx>60</posx>
				<posy>588</posy>
				<width>160</width>
				<height>40</height>
				<label>$ADDON[pvr.sky 32055]</label>
				<font>font13_title</font>
				<textcolor>red</textcolor>
				<shadowcolor>black</shadowcolor>
				<align>center</align>
				<aligny>center</aligny>
				<onleft>41</onleft>
				<onright>41</onright>
				<onup>2</onup>
				<ondown>2</ondown>
			</control>
			<control type="image">
				<posx>450</posx>
				<posy>90</posy>
				<width>5</width>
				<height>508</height>
				<aspectratio>stretch</aspectratio>
				<texture>separator_vertical.png</texture>
			</control>


<!--   Use Lable instead of list -->
		<control type="label" id="50">
			<description>channel list 0</description>
			<posx>580</posx>
			<posy>90</posy>
			<width>590</width>
			<height>46</height>
			<font>font16caps</font>
			<label></label>
			<align>left</align>
			<aligny>center</aligny>
			<textcolor>white</textcolor>
			<shadowcolor>black</shadowcolor>
		</control> 
		<control type="label" id="51">
			<description>channel list 1</description>
			<posx>580</posx>
			<posy>136</posy>
			<width>590</width>
			<height>46</height>
			<font>font16caps</font>
			<label></label>
			<align>left</align>
			<aligny>center</aligny>
			<textcolor>white</textcolor>
			<shadowcolor>black</shadowcolor>
		</control>            
		<control type="label" id="52">
			<description>channel list 2</description>
			<posx>580</posx>
			<posy>182</posy>
			<width>590</width>
			<height>46</height>
			<font>font16caps</font>
			<label></label>
			<align>left</align>
			<aligny>center</aligny>
			<textcolor>white</textcolor>
			<shadowcolor>black</shadowcolor>
		</control>            
		<control type="label" id="53">
			<description>channel list 3</description>
			<posx>580</posx>
			<posy>228</posy>
			<width>590</width>
			<height>46</height>
			<font>font16caps</font>
			<label></label>
			<align>left</align>
			<aligny>center</aligny>
			<textcolor>white</textcolor>
			<shadowcolor>black</shadowcolor>
		</control>            
		<control type="label" id="54">
			<description>channel list 4</description>
			<posx>580</posx>
			<posy>274</posy>
			<width>590</width>
			<height>46</height>
			<font>font16caps</font>
			<label></label>
			<align>left</align>
			<aligny>center</aligny>
			<textcolor>white</textcolor>
			<shadowcolor>black</shadowcolor>
		</control>            
		<control type="label" id="55">
			<description>channel list 5</description>
			<posx>580</posx>
			<posy>320</posy>
			<width>590</width>
			<height>46</height>
			<font>font16caps</font>
			<label></label>
			<align>left</align>
			<aligny>center</aligny>
			<textcolor>white</textcolor>
			<shadowcolor>black</shadowcolor>
		</control>            
		<control type="label" id="56">
			<description>channel list 6</description>
			<posx>580</posx>
			<posy>366</posy>
			<width>590</width>
			<height>46</height>
			<font>font16caps</font>
			<label></label>
			<align>left</align>
			<aligny>center</aligny>
			<textcolor>white</textcolor>
			<shadowcolor>black</shadowcolor>
		</control>            
		<control type="label" id="57">
			<description>channel list 7</description>
			<posx>580</posx>
			<posy>412</posy>
			<width>590</width>
			<height>46</height>
			<font>font16caps</font>
			<label></label>
			<align>left</align>
			<aligny>center</aligny>
			<textcolor>white</textcolor>
			<shadowcolor>black</shadowcolor>
		</control>            
		<control type="label" id="58">
			<description>channel list 8</description>
			<posx>580</posx>
			<posy>458</posy>
			<width>590</width>
			<height>46</height>
			<font>font16caps</font>
			<label></label>
			<align>left</align>
			<aligny>center</aligny>
			<textcolor>white</textcolor>
			<shadowcolor>black</shadowcolor>
		</control>            
		<control type="label" id="59">
			<description>channel list 9</description>
			<posx>580</posx>
			<posy>504</posy>
			<width>590</width>
			<height>46</height>
			<font>font16caps</font>
			<label></label>
			<align>left</align>
			<aligny>center</aligny>
			<textcolor>white</textcolor>
			<shadowcolor>black</shadowcolor>
		</control>            

		<control type="label" id="60">
			<description>channel index 0</description>
			<posx>490</posx>
			<posy>90</posy>
			<width>60</width>
			<height>46</height>
			<font>font16caps</font>
			<label></label>
			<align>left</align>
			<aligny>center</aligny>
			<textcolor>white</textcolor>
			<shadowcolor>black</shadowcolor>
		</control>            

		<control type="label" id="61">
			<description>channel index 1</description>
			<posx>490</posx>
			<posy>136</posy>
			<width>60</width>
			<height>46</height>
			<font>font16caps</font>
			<label></label>
			<align>left</align>
			<aligny>center</aligny>
			<textcolor>white</textcolor>
			<shadowcolor>black</shadowcolor>
		</control>            
		<control type="label" id="62">
			<description>channel index 2</description>
			<posx>490</posx>
			<posy>182</posy>
			<width>60</width>
			<height>46</height>
			<font>font16caps</font>
			<label></label>
			<align>left</align>
			<aligny>center</aligny>
			<textcolor>white</textcolor>
			<shadowcolor>black</shadowcolor>
		</control>            
		<control type="label" id="63">
			<description>channel index 3</description>
			<posx>490</posx>
			<posy>228</posy>
			<width>60</width>
			<height>46</height>
			<font>font16caps</font>
			<label></label>
			<align>left</align>
			<aligny>center</aligny>
			<textcolor>white</textcolor>
			<shadowcolor>black</shadowcolor>
		</control>            
		<control type="label" id="64">
			<description>channel index 4</description>
			<posx>490</posx>
			<posy>274</posy>
			<width>60</width>
			<height>46</height>
			<font>font16caps</font>
			<label></label>
			<align>left</align>
			<aligny>center</aligny>
			<textcolor>white</textcolor>
			<shadowcolor>black</shadowcolor>
		</control>            
		<control type="label" id="65">
			<description>channel index 5</description>
			<posx>490</posx>
			<posy>320</posy>
			<width>60</width>
			<height>46</height>
			<font>font16caps</font>
			<label></label>
			<align>left</align>
			<aligny>center</aligny>
			<textcolor>white</textcolor>
			<shadowcolor>black</shadowcolor>
		</control>            
		<control type="label" id="66">
			<description>channel index 6</description>
			<posx>490</posx>
			<posy>366</posy>
			<width>60</width>
			<height>46</height>
			<font>font16caps</font>
			<label></label>
			<align>left</align>
			<aligny>center</aligny>
			<textcolor>white</textcolor>
			<shadowcolor>black</shadowcolor>
		</control>            
		<control type="label" id="67">
			<description>channel index 7</description>
			<posx>490</posx>
			<posy>412</posy>
			<width>60</width>
			<height>46</height>
			<font>font16caps</font>
			<label></label>
			<align>left</align>
			<aligny>center</aligny>
			<textcolor>white</textcolor>
			<shadowcolor>black</shadowcolor>
		</control>            
		<control type="label" id="68">
			<description>channel index 8</description>
			<posx>490</posx>
			<posy>458</posy>
			<width>60</width>
			<height>46</height>
			<font>font16caps</font>
			<label></label>
			<align>left</align>
			<aligny>center</aligny>
			<textcolor>white</textcolor>
			<shadowcolor>black</shadowcolor>
		</control>            
		<control type="label" id="69">
			<description>channel index 9</description>
			<posx>490</posx>
			<posy>504</posy>
			<width>60</width>
			<height>46</height>
			<font>font16caps</font>
			<label></label>
			<align>left</align>
			<aligny>center</aligny>
			<textcolor>white</textcolor>
			<shadowcolor>black</shadowcolor>
		</control>        
  
			<control type="scrollbar" id="99">
			  <posx>1080</posx>
			  <posy>90</posy>
			  <width>25</width>
			  <height>508</height>
			  <texturesliderbackground border="0,14,0,14">ScrollBarV.png</texturesliderbackground>
			  <texturesliderbar border="0,14,0,14">ScrollBarV_bar.png</texturesliderbar>
			  <texturesliderbarfocus border="0,14,0,14">ScrollBarV_bar_focus.png</texturesliderbarfocus>
			  <textureslidernib>ScrollBarNib.png</textureslidernib>
			  <textureslidernibfocus>ScrollBarNib.png</textureslidernibfocus>
			  <onleft>2</onleft>
			  <onright>5</onright>
			  <showonepage>true</showonepage>
			  <orientation>vertical</orientation>
			</control>
			<control type="label" id="98">
			  <description>Page Count Label</description>
			  <posx>800</posx>
			  <posy>600</posy>
			  <width>500</width>
			  <height>20</height>
			  <font>font12</font>
			  <textcolor>grey</textcolor>
			  <scroll>false</scroll>
			  <align>right</align>
			  <aligny>center</aligny>
			  <label>-</label>
			</control>
<!--
			<control type="label" id="36">
			  <description>Status Label</description>
			  <posx>275</posx>
			  <posy>590</posy>
			  <width>500</width>
			  <height>20</height>
			  <font>font14</font>
			  <textcolor>yellow</textcolor>
			  <scroll>false</scroll>
			  <align>left</align>
			  <aligny>center</aligny>
			  <label>-</label>
			</control>
-->
		</control>	
		<!-- BLINDSCAN -->
		<control type="group">
			<visible>!IsEmpty(Window.Property(Blindscan))</visible>
			<posx>200</posx>
			<posy>200</posy>
			<control type="image">
				<posx>0</posx>
				<posy>0</posy>
				<width>800</width>
				<height>200</height>
				<texture border="40">DialogBack.png</texture>
			</control>			
			<control type="label">
				<description>type label</description>
				<posx>40</posx>
				<posy>20</posy>
				<width>720</width>
				<height>30</height>
				<font>font13</font>
				<label>$ADDON[pvr.sky 32093]</label>
				<align>center</align>
				<aligny>center</aligny>
				<textcolor>yellow</textcolor>
				<shadowcolor>black</shadowcolor>
			</control>
			<control type="label">
				<description>TP Result Title</description>
				<posx>40</posx>
				<posy>60</posy>
				<width>80</width>
				<height>30</height>
				<font>font13</font>
				<label>$ADDON[pvr.sky 32108]</label>
				<align>left</align>
				<aligny>center</aligny>
				<textcolor>white</textcolor>
				<shadowcolor>black</shadowcolor>
			</control>
			<control type="label" id="101">
				<description>TP Result</description>
				<posx>80</posx>
				<posy>60</posy>
				<width>640</width>
				<height>30</height>
				<font>font13</font>
				<label>-</label>
				<align>left</align>
				<aligny>center</aligny>
				<textcolor>white</textcolor>
				<shadowcolor>black</shadowcolor>
			</control>
			<control type="label" id="102">
				<description>percent</description>
				<posx>40</posx>
				<posy>95</posy>
				<width>80</width>
				<height>30</height>
				<font>font13</font>
				<label>-</label>
				<align>left</align>
				<aligny>center</aligny>
				<textcolor>red</textcolor>
				<shadowcolor>black</shadowcolor>
			</control>
			<control type="progress" id="103">
				<description>progress bar</description>
				<posx>80</posx>
				<posy></posy>
				<width>615</width>
				<height>20</height>
		        <midtexture border="6,0,6,0">OSDProgressMidYellow.png</midtexture>
			</control> 
			<control type="button" id="104">
				<description>Blindscan Stop and Exit</description>
				<posx>220</posx>
				<posy>140</posy>
				<width>160</width>
				<height>40</height>
				<label>$ADDON[pvr.sky 32094]</label>
				<font>font13_title</font>
				<textcolor>white</textcolor>
				<shadowcolor>black</shadowcolor>
				<align>center</align>
				<aligny>center</aligny>
				<onleft>105</onleft>
				<onright>105</onright>
			</control>
			<control type="button" id="105">
				<description>Blindscan Save and Search</description>
				<posx>420</posx>
				<posy>140</posy>
				<width>160</width>
				<height>40</height>
				<label>$ADDON[pvr.sky 32095]</label>
				<font>font13_title</font>
				<textcolor>white</textcolor>
				<shadowcolor>black</shadowcolor>
				<align>center</align>
				<aligny>center</aligny>
				<onleft>104</onleft>
				<onright>104</onright>
				<visible>!IsEmpty(Window.Property(BSCompleted))</visible>
			</control>
		</control>
    </control>
    <include>BehindDialogFadeOut</include>
    <control type="group">
      <posx>60</posx>
      <posy>0</posy>
      <animation effect="slide" end="-310,0" time="400" tween="quadratic" easing="out">WindowClose</animation>
      <animation effect="slide" start="-310,0" time="400" tween="quadratic" easing="out">WindowOpen</animation>
      <control type="image">
        <posx>0</posx>
        <posy>0</posy>
        <width>250</width>
        <height>35</height>
        <texture border="0,0,32,0">header.png</texture>
      </control>
      <control type="label">
        <include>WindowTitleCommons</include>
        <posx>220</posx>
        <label>$ADDON[pvr.sky 32008]</label>
      </control>
    </control>
    <include>MainWindowMouseButtons</include>
    <include>Clock</include>
  </controls>
</window>

