<window>
	<defaultcontrol always="true">65</defaultcontrol>
	<coordinates>
		<system>1</system>
		<posx>335</posx>
		<posy>230</posy>
	</coordinates>
	<include>dialogeffect</include>
	<controls>
		<control type="image">
			<posx>0</posx>
			<posy>0</posy>
			<width>610</width>
			<height>260</height>
			<texture border="40">DialogBack.png</texture>
		</control>
		<control type="image">
			<description>Dialog Header image</description>
			<posx>40</posx>
			<posy>16</posy>
			<width>530</width>
			<height>40</height>
			<texture>dialogheader.png</texture>
		</control>
		<control type="label" id="61">
			<description>header label</description>
			<posx>40</posx>
			<posy>20</posy>
			<width>530</width>
			<height>30</height>
			<font>font13_title</font>
			<label>$LOCALIZE[19033]</label>
			<align>center</align>
			<aligny>center</aligny>
			<textcolor>selected</textcolor>
			<shadowcolor>black</shadowcolor>
		</control>
		<control type="button">
			<description>Close Window button</description>
			<posx>520</posx>
			<posy>15</posy>
			<width>64</width>
			<height>32</height>
			<label>-</label>
			<font>-</font>
			<onclick>PreviousMenu</onclick>
			<texturefocus>DialogCloseButton-focus.png</texturefocus>
			<texturenofocus>DialogCloseButton.png</texturenofocus>
			<onleft>65</onleft>
			<onright>65</onright>
			<onup>65</onup>
			<ondown>65</ondown>
			<visible>system.getbool(input.enablemouse)</visible>
		</control>
		<control type="label" id="62">
			<description>dialog line 1</description>
			<posx>30</posx>
			<posy>60</posy>
			<width>550</width>
			<height>30</height>
			<align>left</align>
			<aligny>center</aligny>
			<label>-</label>
			<textcolor>blue</textcolor>
			<font>font13</font>
		</control>
		<control type="label" id="63">
			<description>dialog line 2</description>
			<posx>30</posx>
			<posy>90</posy>
			<width>550</width>
			<height>30</height>
			<align>left</align>
			<aligny>center</aligny>
			<label>-</label>
			<font>font13</font>
		</control>
		<control type="label" id="64">
			<description>dialog line 3</description>
			<posx>30</posx>
			<posy>115</posy>
			<width>550</width>
			<height>30</height>
			<align>left</align>
			<aligny>center</aligny>
			<label>-</label>
			<textcolor>red</textcolor>
			<font>font13</font>
		</control>
		<control type="button" id="65">
			<description>Yes button</description>
			<posx>95</posx>
			<posy>175</posy>
			<width>200</width>
			<height>40</height>
			<!--label>107</label-->
			<label>-</label>
			<font>font13_title</font>
			<textcolor>white</textcolor>
			<focusedcolor>white</focusedcolor>
			<shadowcolor>black</shadowcolor>
			<align>center</align>
			<onleft>66</onleft>
			<onright>66</onright>
			<onup>65</onup>
			<ondown>65</ondown>
		</control>
		<control type="button" id="66">
			<description>No button</description>
			<posx>305</posx>
			<posy>175</posy>
			<width>200</width>
			<height>40</height>
			<!--label>106</label-->
			<label>-</label>
			<font>font13_title</font>
			<textcolor>white</textcolor>
			<focusedcolor>white</focusedcolor>
			<shadowcolor>black</shadowcolor>
			<align>center</align>
			<onleft>65</onleft>
			<onright>65</onright>
			<onup>66</onup>
			<ondown>66</ondown>
		</control>
	</controls>
</window>