<window>
	<defaultcontrol always="true">2</defaultcontrol>
	<allowoverlay>no</allowoverlay>
	<views>2</views>
	<controls>
	<control type="group">
		<posx>455</posx>
		<posy>80</posy>
		<animation type="WindowOpen" reversible="false">
			<effect type="zoom" start="80" end="100" center="640,360" easing="out" tween="back" time="300" />
			<effect type="fade" start="0" end="100" time="300" />
		</animation>
		<animation type="WindowClose" reversible="false">
			<effect type="zoom" start="100" end="80" center="640,360" easing="in" tween="back" time="300" />
			<effect type="fade" start="100" end="0" time="300" />
		</animation>
		<control type="image">
			<posx>0</posx>
			<posy>0</posy>
			<width>400</width>
			<height>570</height>
			<texture border="20">DialogBack.png</texture>
		</control>
		<control type="list" id="2">
		  <posx>20</posx>
          <posy>20</posy>
          <width>300</width>
          <height>400</height>
          <onup>2</onup>
          <ondown>2</ondown>
          <onleft>60</onleft>
          <onright>60</onright>
          <pagecontrol>60</pagecontrol>
          <scrolltime>200</scrolltime>
          <itemlayout height="40" width="750">
            <control type="image">
              <posx>0</posx>
              <posy>0</posy>
              <width>300</width>
              <height>40</height>
              <aspectratio>stretch</aspectratio>
              <texture border="5">MenuItemNF.png</texture>
            </control>
            <control type="label">
              <posx>20</posx>
              <posy>0</posy>
              <width>250</width>
              <height>40</height>
              <font>font14</font>
              <align>left</align>
              <aligny>center</aligny>
              <textcolor>grey2</textcolor>
              <selectedcolor>selected</selectedcolor>
              <info>ListItem.Label</info>
            </control>
          </itemlayout>
          <focusedlayout height="40" width="300">
            <control type="image">
              <posx>0</posx>
              <posy>0</posy>
              <width>300</width>
              <height>40</height>
              <aspectratio>stretch</aspectratio>
              <texture border="5">MenuItemNF.png</texture>
              <visible>!Control.HasFocus(2)</visible>
              <include>VisibleFadeEffect</include>
            </control>
            <control type="image">
              <posx>0</posx>
              <posy>0</posy>
              <width>300</width>
              <height>40</height>
              <aspectratio>stretch</aspectratio>
              <texture border="5">MenuItemFO.png</texture>
              <visible>Control.HasFocus(2)</visible>
              <include>VisibleFadeEffect</include>
            </control>
            <control type="label">
              <posx>20</posx>
              <posy>0</posy>
              <width>250</width>
              <height>40</height>
              <font>font14</font>
              <align>left</align>
              <aligny>center</aligny>
              <textcolor>grey2</textcolor>
              <selectedcolor>selected</selectedcolor>
              <info>ListItem.Label</info>
            </control>
          </focusedlayout>
        </control>
        <control type="scrollbar" id="60">
          <posx>350</posx>
          <posy>20</posy>
          <width>25</width>
          <height>400</height>
          <texturesliderbackground border="0,14,0,14">ScrollBarV.png</texturesliderbackground>
          <texturesliderbar border="0,14,0,14">ScrollBarV_bar.png</texturesliderbar>
          <texturesliderbarfocus border="0,14,0,14">ScrollBarV_bar_focus.png</texturesliderbarfocus>
          <textureslidernib>ScrollBarNib.png</textureslidernib>
          <textureslidernibfocus>ScrollBarNib.png</textureslidernibfocus>
          <onleft>2</onleft>
          <onright>2</onright>
          <showonepage>true</showonepage>
          <orientation>vertical</orientation>
        </control>
        <control type="image">
            <posx>30</posx>
            <posy>430</posy>
            <width>24</width>
            <height>24</height>
            <aspectratio>stretch</aspectratio>
            <texture>Red-Ball-icon.png</texture>
        </control>
		<control type="label">
			<description>Add SAT</description>
			<posx>70</posx>
			<posy>430</posy>
			<width>270</width>
			<height>25</height>
			<label>$ADDON[pvr.sky 32091]</label>
			<font>font13_title</font>
			<textcolor>red</textcolor>
			<shadowcolor>black</shadowcolor>
			<align>left</align>
			<aligny>center</aligny>
		</control>		
        <control type="image">
            <posx>30</posx>
            <posy>460</posy>
            <width>24</width>
            <height>24</height>
            <aspectratio>stretch</aspectratio>
            <texture>Green-Ball-icon.png</texture>
        </control>
		<control type="label">
			<description>Delete SAT</description>
			<posx>70</posx>
			<posy>460</posy>
			<width>270</width>
			<height>25</height>
			<label>$ADDON[pvr.sky 32090]</label>
			<font>font13_title</font>
			<textcolor>green</textcolor>
			<shadowcolor>black</shadowcolor>
			<align>left</align>
			<aligny>center</aligny>
		</control>
		<control type="image">
            <posx>30</posx>
            <posy>520</posy>
            <width>24</width>
            <height>24</height>
            <aspectratio>stretch</aspectratio>
            <texture>Blue-Ball-icon.png</texture>
        </control>
		<control type="label">
			<description>Exit</description>
			<posx>70</posx>
			<posy>520</posy>
			<width>270</width>
			<height>25</height>
			<label>13012</label>
			<font>font13_title</font>
			<textcolor>blue</textcolor>
			<shadowcolor>black</shadowcolor>
			<align>left</align>
			<aligny>center</aligny>
		</control>
	</control>
	</controls>
</window>
		