<?xml version="1.0" encoding="UTF-8"?>
<window>
	<defaultcontrol>-</defaultcontrol>
	<controls>
		<!-- media infos -->
		<control type="group" id="1">
			<visible>[Player.ShowInfo | Window.IsActive(VideoOSD)] + ![Window.IsVisible(OSDVideoSettings) | Window.IsVisible(OSDAudioSettings) | Window.IsVisible(VideoBookmarks) | Window.IsVisible(PVROSDChannels) | Window.IsVisible(PVROSDGuide) | Window.IsVisible(SliderDialog)]</visible>
			<animation effect="fade" time="150">VisibleChange</animation>
			<control type="image" id="1">
				<left>0</left>
				<top>-150</top>
				<width>1280</width>
				<height>256</height>
				<texture flipy="true" border="1">HomeNowPlayingBack.png</texture>
			</control>
			<control type="label" id="1">
				<description>Chapter Count Header label</description>
				<left>30</left>
				<top>5</top>
				<width>1000</width>
				<height>25</height>
				<align>left</align>
				<aligny>center</aligny>
				<font>font13</font>
				<textcolor>white</textcolor>
				<shadowcolor>black</shadowcolor>
				<label>$INFO[Player.Chapter,$LOCALIZE[21396]: ]$INFO[Player.ChapterCount, / ]$INFO[Player.ChapterName,[COLOR=grey] - (,)[/COLOR]]</label>
				<visible>Player.ChapterCount + !VideoPlayer.Content(LiveTV)</visible>
			</control>
			<control type="label" id="1">
				<description>Channel Group label</description>
				<left>30</left>
				<top>5</top>
				<width>1000</width>
				<height>25</height>
				<align>left</align>
				<aligny>center</aligny>
				<font>font13</font>
				<textcolor>white</textcolor>
				<shadowcolor>black</shadowcolor>
				<label>$INFO[VideoPlayer.ChannelGroup,$LOCALIZE[31509]: ]</label>
				<visible>VideoPlayer.Content(LiveTV)</visible>
			</control>
			<control type="label" id="1">
				<description>Clock label</description>
				<left>450</left>
				<top>5</top>
				<width>800</width>
				<height>25</height>
				<align>right</align>
				<aligny>center</aligny>
				<font>font13</font>
				<textcolor>white</textcolor>
				<shadowcolor>black</shadowcolor>
				<label>$INFO[System.Time]</label>
				<animation effect="slide" start="0,0" end="-30,0" time="0" condition="Window.IsVisible(Mutebug)">conditional</animation>
				<animation effect="slide" start="0,0" end="-70,0" time="0" condition="Window.IsVisible(VideoOSD)">conditional</animation>
			</control>
			<control type="image" id="1">
				<left>0</left>
				<top>230r</top>
				<width>1280</width>
				<height>230</height>
				<texture border="1">HomeNowPlayingBack.png</texture>
				<visible>!VideoPlayer.Content(LiveTV)</visible>
			</control>
			<!-- Live TV Info background  :: MEDIASTREAM-->
			<control type="image" id="1">
				<left>0</left>
				<top>190r</top>
				<width>1280</width>
				<height>190</height>
				<texture>HomeBackTr90.png</texture>
				<visible>VideoPlayer.Content(LiveTV)</visible>
			</control>
			<control type="image" id="1">
				<description>cover image</description>
				<left>20</left>
				<top>260r</top>
				<width>300</width>
				<height>230</height>
				<texture fallback="DefaultVideoCover.png">$INFO[Player.Art(thumb)]</texture>
				<aspectratio aligny="bottom">keep</aspectratio>
				<bordertexture border="8">ThumbShadow.png</bordertexture>
				<bordersize>8</bordersize>
				<visible>![VideoPlayer.Content(Movies) | VideoPlayer.Content(LiveTV)]</visible>
			</control>
			<control type="image" id="1">
				<description>Movie cover image</description>
				<left>20</left>
				<top>350r</top>
				<width>300</width>
				<height>330</height>
				<texture fallback="DefaultVideoCover.png">$INFO[Player.Art(thumb)]</texture>
				<aspectratio aligny="bottom">keep</aspectratio>
				<bordertexture border="8">ThumbShadow.png</bordertexture>
				<bordersize>8</bordersize>
				<visible>VideoPlayer.Content(Movies)</visible>
			</control>
			<!-- Channel LOGO :: MEDIASTREAM -->
			<control type="image" id="1">
				<description>cover image</description>
				<left>60</left>
				<top>165r</top>
				<width>170</width>
				<height>140</height>
				<texture fallback="chTV.png">$INFO[Player.Art(thumb)]</texture>
				<aspectratio aligny="center">keep</aspectratio>
				<bordertexture border="8">ThumbShadow.png</bordertexture>
				<bordersize>8</bordersize>
				<visible>VideoPlayer.Content(LiveTV) + !PVR.IsPlayingRadio + !PVR.IsPlayingRecording</visible>
			</control>
			<control type="image" id="1">
				<description>cover image</description>
				<left>60</left>
				<top>165r</top>
				<width>170</width>
				<height>140</height>
				<texture>chRadio.png</texture>
				<aspectratio aligny="center">keep</aspectratio>
				<bordertexture border="8">ThumbShadow.png</bordertexture>
				<bordersize>8</bordersize>
				<visible>VideoPlayer.Content(LiveTV) + PVR.IsPlayingRadio</visible>
			</control>
			<control type="image" id="1">
				<description>cover image</description>
				<left>60</left>
				<top>165r</top>
				<width>170</width>
				<height>140</height>
				<texture>DefaultVideo.png</texture>
				<aspectratio aligny="center">keep</aspectratio>
				<bordertexture border="8">ThumbShadow.png</bordertexture>
				<bordersize>8</bordersize>
				<visible>VideoPlayer.Content(LiveTV) + PVR.IsPlayingRecording</visible>
			</control>
			<!-- Current Recording Info -->
			<control type="image" id="1">
				<left>60</left>
				<top>215r</top>
				<width>50</width>
				<height>25</height>
				<aspectratio align="center" aligny="center">keep</aspectratio>
				<texture>PVR-IsRecording.png</texture>
				<visible>VideoPlayer.Content(LiveTV) + Player.Recording</visible>
			</control>
			<control type="label" id="1">
				<description>Heading label</description>
				<left>120</left>
				<top>215r</top>
				<width>250</width>
				<height>25</height>
				<align>left</align>
				<aligny>center</aligny>
				<font>font13</font>
				<label>$LOCALIZE[19158]</label>
				<textcolor>white</textcolor>
				<shadowcolor>black</shadowcolor>
				<visible>VideoPlayer.Content(LiveTV) + Player.Recording</visible>
			</control>

			<!---- Live TV Group ---->
			<control type="group" id="1">
				<left>270</left>
				<top>190r</top>
				<visible>VideoPlayer.Content(LiveTV)</visible>
				<!-- Channel Number + Name -->
				<control type="label" id="1">
					<description>LiveTV Info label</description>
					<left>20</left>
					<top>30</top>
					<width>480</width>
					<height>35</height>
					<align>left</align>
					<font>font35_title</font>
					<label>$INFO[VideoPlayer.ChannelNumber,[COLOR=orange],[/COLOR]] $INFO[VideoPlayer.ChannelName,- [COLOR=orange],[/COLOR]]</label>
					<textcolor>grey2</textcolor>
					<shadowcolor>black</shadowcolor>
					<scroll>true</scroll>
				</control>		
				<control type="image" id="1">
					<left>20</left>
					<top>71</top>
					<width>630</width>
					<height>4</height>
					<aspectratio align="center" aligny="center">keep</aspectratio>
					<texture>separator3.png</texture>
				</control>
				<!-- Satellite -->
				<control type="label" id="30">
					<left>710</left>
					<top>80</top>
					<width>190</width>
					<height>22</height>
					<font>font10</font>
					<align>left</align>
					<aligny>center</aligny>
					<textcolor>blue</textcolor>
					<scroll>true</scroll>
				</control>
				<control type="label" id="31">
					<left>710</left>
					<top>100</top>
					<width>190</width>
					<height>22</height>
					<font>font10</font>
					<align>left</align>
					<aligny>center</aligny>
					<textcolor>blue</textcolor>
					<scroll>true</scroll>
				</control>

				<control type="image" id="1">
					<left>710</left>
					<top>71</top>
					<width>220</width>
					<height>4</height>
					<aspectratio align="center" aligny="center">keep</aspectratio>
					<texture>separator3.png</texture>
				</control>

				<!-- CAS ICON -->
				
				<control type="image" id="1">
					<left>900</left>
					<top>80</top>
					<width>30</width>
					<height>30</height>
					<texture>ca-sel-B.png</texture>
					<visible>StringCompare(pvr.actstreamencryptionname,BetaCrypt)</visible>
				</control>
				<control type="image" id="1">
					<left>900</left>
					<top>80</top>
					<width>30</width>
					<height>30</height>
					<texture>ca-sel-I.png</texture>
					<visible>StringCompare(pvr.actstreamencryptionname,Irdeto)</visible>
				</control>
				<control type="image" id="1">
					<left>900</left>
					<top>80</top>
					<width>30</width>
					<height>30</height>
					<texture>ca-sel-S.png</texture>
					<visible>StringCompare(pvr.actstreamencryptionname,SECA Mediaguard)</visible>
				</control>
				<control type="image" id="1">
					<left>900</left>
					<top>80</top>
					<width>30</width>
					<height>30</height>
					<texture>ca-sel-V.png</texture>
					<visible>StringCompare(pvr.actstreamencryptionname,Viaccess)</visible>
				</control>
				<control type="image" id="1">
					<left>900</left>
					<top>80</top>
					<width>30</width>
					<height>30</height>
					<texture>ca-sel-N.png</texture>
					<visible>StringCompare(pvr.actstreamencryptionname,NagraVision)</visible>
				</control>
				<control type="image" id="1">
					<left>900</left>
					<top>80</top>
					<width>46</width>
					<height>30</height>
					<texture>ca-sel-CW.png</texture>
					<visible>StringCompare(pvr.actstreamencryptionname,CryptoWorks)</visible>
				</control>
				<control type="image" id="1">
					<left>900</left>
					<top>80</top>
					<width>46</width>
					<height>30</height>
					<texture>ca-sel-ND.png</texture>
					<visible>StringCompare(pvr.actstreamencryptionname,NDS Videoguard)</visible>
				</control>
				<control type="image" id="1">
					<left>900</left>
					<top>80</top>
					<width>46</width>
					<height>30</height>
					<texture>ca-sel-CO.png</texture>
					<visible>StringCompare(pvr.actstreamencryptionname,Conax)</visible>
				</control>

				<!-- storage icon -->
				<control type="image" id="1">
					<left>946</left>
					<top>80</top>
					<width>30</width>
					<height>30</height>
					<texture>usbhd.png</texture>
					<visible>Player.HasDrive</visible>
				</control>

				<!-- EPG TITLE -->
				<control type="label" id="1">
					<left>20</left>
					<top>80</top>
					<width>660</width>
					<height>30</height>
					<font>font16</font>
					<align>left</align>
					<aligny>center</aligny>
					<label>$INFO[Player.Title, [B]Agora: [/B]]</label>
					<textcolor>blue</textcolor>
					<scroll>true</scroll>
				</control>
				<!-- AV codec info of Live TV -->
				<control type="grouplist" id="1">
					<left>708</left>
					<top>30</top>
					<width>300</width>
					<height>30</height>
					<itemgap>2</itemgap>
					<orientation>horizontal</orientation>
					<control type="image" id="1">
						<description>Video Resolution Image</description>
						<width>50</width>
						<height>30</height>
<!--
						<aspectratio align="center">keep</aspectratio>
-->
						<texture>$INFO[VideoPlayer.VideoResolution,flagging/video/,.png]</texture>
					</control>
					<control type="image" id="1">
						<description>Video Codec Image</description>
						<width>85</width>
						<height>30</height>
<!--
						<aspectratio align="center">keep</aspectratio>
-->
						<texture>$INFO[VideoPlayer.VideoCodec,flagging/video/,.png]</texture>
					</control>
					<control type="image" id="1">
						<description>Audio Codec Image</description>
						<width>85</width>
						<height>30</height>
<!--
						<aspectratio align="center">keep</aspectratio>
-->
						<texture>$INFO[VideoPlayer.AudioCodec,flagging/audio/,.png]</texture>
					</control>
				</control>
				<control type="group" id="1">
					<left>20</left>
					<top>80r</top>					
					<control type="label" id="1">
						<left>0</left>
						<top>0</top>
						<width>60</width>
						<height>40</height>
						<font>font13</font>
						<align>left</align>
						<aligny>center</aligny>
						<label>$INFO[Player.StartTime(hh:mm)]</label>
						<visible>!PVR.IsPlayingRecording + VideoPlayer.HasEpg</visible>
					</control>
					<control type="label" id="1">
						<left>0</left>
						<top>0</top>
						<width>60</width>
						<height>40</height>
						<font>font13</font>
						<align>left</align>
						<aligny>center</aligny>
						<label>-- : --</label>
						<visible>!PVR.IsPlayingRecording + !VideoPlayer.HasEpg</visible>
					</control>
					<control type="progress" id="1">
						<description>ProgressbarCache</description>
						<left>60</left>
						<top>15</top>
						<width>540</width>
						<height>16</height>
						<info>Player.ProgressCache</info>
						<midtexture border="6,0,6,0">OSDProgressMidLight.png</midtexture>
					</control>
					<control type="progress" id="1">
						<description>Progressbar</description>
						<left>60</left>
						<top>15</top>
						<width>540</width>
						<height>16</height>
						<info>Player.Progress</info>
						<midtexture border="6,0,6,0">OSDProgressMidYellow.png</midtexture>
					</control>
					<control type="label" id="1">
						<left>600</left>
						<top>0</top>
						<width>60</width>
						<height>40</height>
						<font>font13</font>
						<align>right</align>
						<aligny>center</aligny>
						<label>$INFO[Player.FinishTime(hh:mm)]</label>
						<visible>!PVR.IsPlayingRecording + VideoPlayer.HasEpg</visible>
					</control>
					<control type="label" id="1">
						<left>600</left>
						<top>0</top>
						<width>60</width>
						<height>40</height>
						<font>font13</font>
						<align>right</align>
						<aligny>center</aligny>
						<label>-- : --</label>
						<visible>!PVR.IsPlayingRecording + !VideoPlayer.HasEpg</visible>
					</control>

					<control type="label" id="1">
						<left>0</left>
						<top>0</top>
						<width>60</width>
						<height>40</height>
						<font>font13</font>
						<align>left</align>
						<aligny>center</aligny>
						<label>$INFO[Player.Time(hh:mm)]</label>
						<visible>PVR.IsPlayingRecording</visible>
					</control>
					<control type="label" id="1">
						<left>600</left>
						<top>0</top>
						<width>60</width>
						<height>40</height>
						<font>font13</font>
						<align>right</align>
						<aligny>center</aligny>
						<label>$INFO[Player.Duration(hh:mm)]</label>
 						<visible>PVR.IsPlayingRecording</visible>
					</control>					
				</control>
				<control type="label" id="1">
					<description>SNR</description>
					<left>710</left>
					<top>125</top>
					<width>40</width>
					<height>20</height>
					<label>$LOCALIZE[19009]:</label>
					<align>left</align>
					<aligny>center</aligny>
					<font>font10</font>
					<textcolor>grey2</textcolor>
					<visible>!PVR.IsPlayingRecording</visible>
				</control>
				<control type="progress" id="1">
					<description>Progressbar</description>
					<left>750</left>
					<top>131</top>
					<width>180</width>
					<height>8</height>
					<overlaytexture>-</overlaytexture>
					<info>PVR.ActStreamProgrSNR</info>
					<visible>!PVR.IsPlayingRecording</visible>
				</control>
				<control type="label" id="1">
					<description>BER</description>
					<left>710</left>
					<top>145</top>
					<width>40</width>
					<height>20</height>
					<label>$LOCALIZE[19010]:</label>
					<align>left</align>
					<aligny>center</aligny>
					<font>font10</font>
					<textcolor>grey2</textcolor>
					<visible>!PVR.IsPlayingRecording</visible>
				</control>
				<control type="progress" id="1">
					<description>Progressbar</description>
					<left>750</left>
					<top>151</top>
					<width>180</width>
					<height>8</height>
					<overlaytexture>-</overlaytexture>
					<midtexture border="6,0,6,0">OSDProgressMidRed.png</midtexture>
					<info>PVR.ActStreamProgrBER</info>
					<visible>!PVR.IsPlayingRecording</visible>
				</control>				
				<control type="label" id="1">
					<left>20</left>
					<top>140</top>
					<width>700</width>
					<height>25</height>
					<label>$INFO[VideoPlayer.NextTitle,[B]$LOCALIZE[209]: [/B]]</label>
					<align>center</align>
					<aligny>center</aligny>
					<font>font12</font>
					<textcolor>grey</textcolor>
					<scroll>true</scroll>
					<animation effect="fade" time="200">VisibleChange</animation>
				</control>
<!---
			<control type="image" id="1">
				<description>PIcon image</description>
				<left>20</left>
				<top>200r</top>
				<width>300</width>
				<height>150</height>
				<texture fallback="DefaultVideoCover.png">$INFO[Player.Art(thumb)]</texture>
				<aspectratio aligny="center">keep</aspectratio>
				<visible>VideoPlayer.Content(LiveTV)</visible>
-->
			</control> <!-- visible only for LiveTV -->
			
			<control type="group" id="1">
				<left>330</left>
				<top>185r</top>
				<visible>!VideoPlayer.Content(LiveTV)</visible>
				<control type="label" id="1">
					<description>Heading label</description>
					<left>0</left>
					<top>0</top>
					<width>910</width>
					<height>25</height>
					<align>left</align>
					<aligny>center</aligny>
					<font>font13</font>
					<label>$LOCALIZE[31040]</label>
					<textcolor>white</textcolor>
					<shadowcolor>black</shadowcolor>
					<visible>![VideoPlayer.Content(LiveTV) + Player.Recording]</visible>
					<animation effect="slide" start="0,0" end="0,25" time="0" condition="!VideoPlayer.Content(Movies) + !VideoPlayer.Content(Episodes) + !VideoPlayer.Content(MusicVideos) + !VideoPlayer.Content(LiveTV)">conditional</animation>
				</control>
				<control type="image" id="1">
					<top>0</top>
					<width>50</width>
					<height>25</height>
					<aspectratio align="center" aligny="center">keep</aspectratio>
					<texture>PVR-IsRecording.png</texture>
					<visible>VideoPlayer.Content(LiveTV) + Player.Recording</visible>
				</control>
				<control type="label" id="1">
					<description>Heading label</description>
					<left>50</left>
					<top>0</top>
					<width>860</width>
					<height>25</height>
					<align>left</align>
					<aligny>center</aligny>
					<font>font13</font>
					<label>$LOCALIZE[19158]</label>
					<textcolor>white</textcolor>
					<shadowcolor>black</shadowcolor>
					<visible>VideoPlayer.Content(LiveTV) + Player.Recording</visible>
				</control>
				<control type="label" id="1">
					<description>Studio label</description>
					<left>20</left>
					<top>30</top>
					<width>910</width>
					<height>25</height>
					<align>left</align>
					<font>font12</font>
					<label>$INFO[VideoPlayer.Studio]</label>
					<textcolor>grey2</textcolor>
					<shadowcolor>black</shadowcolor>
					<visible>VideoPlayer.Content(Movies)</visible>
				</control>
				<control type="label" id="1">
					<description>TV Show label</description>
					<left>20</left>
					<top>30</top>
					<width>910</width>
					<height>25</height>
					<align>left</align>
					<font>font12</font>
					<label>$INFO[VideoPlayer.TVShowTitle] ($INFO[VideoPlayer.Season,,x]$INFO[VideoPlayer.Episode])</label>
					<textcolor>grey2</textcolor>
					<shadowcolor>black</shadowcolor>
					<visible>VideoPlayer.Content(Episodes)</visible>
				</control>
				<control type="label" id="1">
					<description>Music Info label</description>
					<left>20</left>
					<top>30</top>
					<width>910</width>
					<height>25</height>
					<align>left</align>
					<font>font12</font>
					<label>$INFO[VideoPlayer.Artist] $INFO[VideoPlayer.Album, - ]</label>
					<textcolor>grey2</textcolor>
					<shadowcolor>black</shadowcolor>
					<visible>VideoPlayer.Content(MusicVideos)</visible>
				</control>
<!--
				<control type="label" id="1">
					<description>LiveTV Info label</description>
					<left>20</left>
					<top>30</top>
					<width>910</width>
					<height>25</height>
					<align>left</align>
					<font>font12</font>
					<label>$INFO[VideoPlayer.ChannelNumberLabel,([COLOR=blue],[/COLOR]) ]$INFO[VideoPlayer.ChannelName]$INFO[VideoPlayer.EpisodeName, (,)]</label>
					<textcolor>grey2</textcolor>
					<shadowcolor>black</shadowcolor>
					<visible>VideoPlayer.Content(LiveTV)</visible>
				</control>
-->
				<control type="grouplist" id="1">
					<left>20</left>
					<top>60</top>
					<width>910</width>
					<height>35</height>
					<itemgap>5</itemgap>
					<orientation>horizontal</orientation>
					<control type="label" id="1">
						<width min="10" max="520">auto</width>
						<height>30</height>
						<font>font30</font>
						<align>left</align>
						<aligny>center</aligny>
						<label>$INFO[Player.Title]</label>
						<textcolor>orange</textcolor>
						<scroll>true</scroll>
					</control>
					<control type="image" id="1">
						<description>Video Resolution Image</description>
						<width>50</width>
						<height>35</height>
						<aspectratio align="center">keep</aspectratio>
						<texture>$INFO[VideoPlayer.VideoResolution,flagging/video/,.png]</texture>
					</control>
					<control type="image" id="1">
						<description>Audio Codec Image</description>
						<width>85</width>
						<height>35</height>
						<aspectratio align="center">keep</aspectratio>
						<texture>$INFO[VideoPlayer.AudioCodec,flagging/audio/,.png]</texture>
					</control>
					<control type="image" id="1">
						<description>Audio Channels Image</description>
						<width>50</width>
						<height>35</height>
						<aspectratio align="center">keep</aspectratio>
						<texture>$INFO[VideoPlayer.AudioChannels,flagging/audio/,.png]</texture>
					</control>
					<control type="group" id="1">
						<width>85</width>
						<height>35</height>
						<visible>!IsEmpty(VideoPlayer.AudioLanguage)</visible>
						<control type="image" id="1">
							<left>5</left>
							<top>0</top>
							<description>Audio Language Image</description>
							<width>80</width>
							<height>35</height>
							<texture>flagging/AudioLang.png</texture>
						</control>
						<control type="label" id="1">
							<left>38</left>
							<top>2</top>
							<width>47</width>
							<height>35</height>
							<font>font13</font>
							<align>left</align>
							<label>$INFO[VideoPlayer.AudioLanguage]</label>
							<textcolor>grey</textcolor>
						</control>
					</control>
					<control type="group" id="1">
						<width>85</width>
						<height>35</height>
						<visible>!IsEmpty(VideoPlayer.SubtitlesLanguage)</visible>
						<control type="image" id="1">
							<left>5</left>
							<top>0</top>
							<width>80</width>
							<height>35</height>
							<texture>flagging/SubLang.png</texture>
						</control>
						<control type="label" id="1">
							<left>38</left>
							<top>2</top>
							<width>47</width>
							<height>35</height>
							<font>font13</font>
							<align>left</align>
							<label>$INFO[VideoPlayer.SubtitlesLanguage]</label>
							<textcolor>grey</textcolor>
						</control>
					</control>
				</control>
				<control type="label" id="1">
					<left>0</left>
					<top>120</top>
					<width>910</width>
					<height>25</height>
					<label>$LOCALIZE[31049] $INFO[Player.FinishTime]</label>
					<align>center</align>
					<aligny>center</aligny>
					<font>font12</font>
					<textcolor>grey</textcolor>
					<scroll>true</scroll>
					<visible>!Window.IsVisible(VideoOSD) + !VideoPlayer.Content(LiveTV)</visible>
					<animation effect="fade" time="150">VisibleChange</animation>
				</control>
				<control type="label" id="1">
					<left>0</left>
					<top>120</top>
					<width>910</width>
					<height>25</height>
					<label>$INFO[VideoPlayer.NextTitle,$LOCALIZE[19031]: ]</label>
					<align>center</align>
					<aligny>center</aligny>
					<font>font12</font>
					<textcolor>grey</textcolor>
					<scroll>true</scroll>
					<visible>!Window.IsVisible(VideoOSD) + VideoPlayer.Content(LiveTV)</visible>
					<animation effect="fade" time="150">VisibleChange</animation>
				</control>
			</control>
			<control type="group" id="1">
				<left>330</left>
				<top>95r</top>
				<visible>!VideoPlayer.Content(LiveTV) | [VideoPlayer.Content(LiveTV) + VideoPlayer.HasEpg]</visible>
				<control type="label" id="1">
					<visible>!VideoPlayer.Content(LiveTV)</visible>
					<left>0</left>
					<top>0</top>
					<width>100</width>
					<height>40</height>
					<font>font13</font>
					<align>left</align>
					<aligny>center</aligny>
					<label>$INFO[Player.Time(hh:mm:ss)]</label>
				</control>
<!--
				<control type="label" id="1">
					<visible>VideoPlayer.Content(LiveTV)</visible>
					<left>0</left>
					<top>0</top>
					<width>100</width>
					<height>40</height>
					<font>font13</font>
					<align>left</align>
					<aligny>center</aligny>
					<label>$INFO[Player.StartTime(hh:mm)]</label>
				</control>
-->
				<control type="progress" id="1">
					<visible>!VideoPlayer.Content(LiveTV)</visible>
					<description>ProgressbarCache</description>
					<left>100</left>
					<top>15</top>
					<width>720</width>
					<height>16</height>
					<info>Player.ProgressCache</info>
					<midtexture border="6,0,6,0">OSDProgressMidLight.png</midtexture>
				</control>
				<control type="progress" id="1">
					<visible>!VideoPlayer.Content(LiveTV)</visible>
					<description>Progressbar</description>
					<left>100</left>
					<top>15</top>
					<width>720</width>
					<height>16</height>
					<info>Player.Progress</info>
				</control>
				<control type="label" id="1">
					<visible>!VideoPlayer.Content(LiveTV)</visible>
					<left>820</left>
					<top>0</top>
					<width>100</width>
					<height>40</height>
					<font>font13</font>
					<align>right</align>
					<aligny>center</aligny>
					<label>$INFO[Player.Duration(hh:mm:ss)]</label>
				</control>
<!--
				<control type="label" id="1">
					<visible>VideoPlayer.Content(LiveTV)</visible>
					<left>820</left>
					<top>0</top>
					<width>100</width>
					<height>40</height>
					<font>font13</font>
					<align>right</align>
					<aligny>center</aligny>
					<label>$INFO[Player.FinishTime(hh:mm)]</label>
				</control>
-->
			</control>
		</control>
		<!-- codec info -->
		<control type="group" id="0">
			<left>0</left>
			<top>20</top>
			<animation effect="fade" time="150">VisibleChange</animation>
			<control type="image">
				<description>media info background image</description>
				<left>0</left>
				<top>0</top>
				<width>1280</width>
				<height>160</height>
				<texture>black-back.png</texture>
			</control>
			<control type="label" id="10">
				<description>row 1 label</description>
				<left>50</left>
				<top>10</top>
				<width>1180</width>
				<height>30</height>
				<align>left</align>
				<aligny>center</aligny>
				<font>font12</font>
				<label>-</label>
			</control>
			<control type="label" id="11">
				<description>row 2 label</description>
				<left>50</left>
				<top>55</top>
				<width>1180</width>
				<height>30</height>
				<align>left</align>
				<aligny>center</aligny>
				<font>font12</font>
				<label>-</label>
			</control>
			<control type="label" id="12">
				<description>row 3 label</description>
				<left>50</left>
				<top>100</top>
				<width>1180</width>
				<height>45</height>
				<align>left</align>
				<aligny>center</aligny>
				<font>font12</font>
				<label>-</label>
			</control>
		</control>
		<control type="group">
			<visible>Player.ShowCodec + VideoPlayer.Content(LiveTV) + system.getbool(pvrplayback.signalquality)</visible>
			<top>185</top>
			<control type="image">
				<description>media info background image</description>
				<left>0</left>
				<top>0</top>
				<width>1280</width>
				<height>220</height>
				<texture>black-back.png</texture>
			</control>
			<control type="label">
				<description>Header</description>
				<left>50</left>
				<top>5</top>
				<width>1200</width>
				<height>25</height>
				<label>$LOCALIZE[19005]</label>
				<align>left</align>
				<aligny>center</aligny>
				<font>font13_title</font>
				<textcolor>blue</textcolor>
			</control>
			<control type="label">
				<description>Backend</description>
				<left>50</left>
				<top>40</top>
				<width>165</width>
				<height>25</height>
				<label>$LOCALIZE[19012]:</label>
				<align>left</align>
				<aligny>center</aligny>
				<font>font12</font>
				<textcolor>grey2</textcolor>
			</control>
			<control type="label">
				<description>Backend value</description>
				<left>220</left>
				<top>40</top>
				<width>1000</width>
				<height>25</height>
				<label>$INFO[PVR.ActStreamClient]</label>
				<align>left</align>
				<aligny>center</aligny>
				<font>font12</font>
				<textcolor>white</textcolor>
			</control>
			<control type="label">
				<description>Device</description>
				<left>50</left>
				<top>65</top>
				<width>165</width>
				<height>25</height>
				<label>$LOCALIZE[19006]:</label>
				<align>left</align>
				<aligny>center</aligny>
				<font>font12</font>
				<textcolor>grey2</textcolor>
			</control>
			<control type="label">
				<description>Device value</description>
				<left>220</left>
				<top>65</top>
				<width>1000</width>
				<height>25</height>
				<label>$INFO[PVR.ActStreamDevice]</label>
				<align>left</align>
				<aligny>center</aligny>
				<font>font12</font>
				<textcolor>white</textcolor>
			</control>
			<control type="label">
				<description>Status</description>
				<left>50</left>
				<top>90</top>
				<width>165</width>
				<height>25</height>
				<label>$LOCALIZE[19007]:</label>
				<align>left</align>
				<aligny>center</aligny>
				<font>font12</font>
				<textcolor>grey2</textcolor>
			</control>
			<control type="label">
				<description>Status value</description>
				<left>220</left>
				<top>90</top>
				<width>1000</width>
				<height>25</height>
				<label>$INFO[PVR.ActStreamStatus]</label>
				<align>left</align>
				<aligny>center</aligny>
				<font>font12</font>
				<textcolor>white</textcolor>
			</control>
			<control type="label">
				<description>Signal</description>
				<left>50</left>
				<top>115</top>
				<width>165</width>
				<height>25</height>
				<label>$LOCALIZE[19008]:</label>
				<align>left</align>
				<aligny>center</aligny>
				<font>font12</font>
				<textcolor>grey2</textcolor>
			</control>
			<control type="progress">
				<description>Progressbar</description>
				<left>220</left>
				<top>122</top>
				<width>910</width>
				<height>14</height>
				<info>PVR.ActStreamProgrSignal</info>
			</control>
			<control type="label">
				<description>Signal value</description>
				<left>1200</left>
				<top>115</top>
				<width>180</width>
				<height>25</height>
				<label>$INFO[PVR.ActStreamSignal]</label>
				<align>left</align>
				<aligny>center</aligny>
				<font>font12</font>
				<textcolor>white</textcolor>
			</control>
			<control type="label">
				<description>SNR</description>
				<left>50</left>
				<top>140</top>
				<width>165</width>
				<height>25</height>
				<label>$LOCALIZE[19009]:</label>
				<align>left</align>
				<aligny>center</aligny>
				<font>font12</font>
				<textcolor>grey2</textcolor>
			</control>
			<control type="progress">
				<description>Progressbar</description>
				<left>220</left>
				<top>147</top>
				<width>910</width>
				<height>14</height>
				<overlaytexture>-</overlaytexture>
				<info>PVR.ActStreamProgrSNR</info>
			</control>
			<control type="label">
				<description>SNR value</description>
				<left>1200</left>
				<top>140</top>
				<width>180</width>
				<height>25</height>
				<label>$INFO[PVR.ActStreamSNR]</label>
				<align>left</align>
				<aligny>center</aligny>
				<font>font12</font>
				<textcolor>white</textcolor>
			</control>
			<control type="label">
				<description>BER</description>
				<left>50</left>
				<top>165</top>
				<width>165</width>
				<height>25</height>
				<label>$LOCALIZE[19010]:</label>
				<align>left</align>
				<aligny>center</aligny>
				<font>font12</font>
				<textcolor>grey2</textcolor>
			</control>
			<control type="label">
				<description>BER value</description>
				<left>220</left>
				<top>165</top>
				<width>165</width>
				<height>25</height>
				<label>$INFO[PVR.ActStreamBER]</label>
				<align>left</align>
				<aligny>center</aligny>
				<font>font12</font>
				<textcolor>white</textcolor>
			</control>
			<control type="label">
				<description>UNC</description>
				<left>390</left>
				<top>165</top>
				<width>165</width>
				<height>25</height>
				<label>$LOCALIZE[19011]:</label>
				<align>left</align>
				<aligny>center</aligny>
				<font>font12</font>
				<textcolor>grey2</textcolor>
			</control>
			<control type="label">
				<description>UNC value</description>
				<left>560</left>
				<top>165</top>
				<width>165</width>
				<height>25</height>
				<label>$INFO[PVR.ActStreamUNC]</label>
				<align>left</align>
				<aligny>center</aligny>
				<font>font12</font>
				<textcolor>white</textcolor>
			</control>
			<control type="label">
				<description>Service</description>
				<left>730</left>
				<top>165</top>
				<width>165</width>
				<height>25</height>
				<label>$LOCALIZE[19099]:</label>
				<align>left</align>
				<aligny>center</aligny>
				<font>font12</font>
				<textcolor>grey2</textcolor>
			</control>
			<control type="label">
				<description>Service value</description>
				<left>900</left>
				<top>165</top>
				<width>330</width>
				<height>25</height>
				<label>$INFO[PVR.ActStreamServiceName]</label>
				<align>left</align>
				<aligny>center</aligny>
				<font>font12</font>
				<textcolor>white</textcolor>
			</control>
			<control type="label">
				<description>Encryption</description>
				<left>50</left>
				<top>190</top>
				<width>165</width>
				<height>25</height>
				<label>$LOCALIZE[19015]:</label>
				<align>left</align>
				<aligny>center</aligny>
				<font>font12</font>
				<textcolor>grey2</textcolor>
			</control>
			<control type="label">
				<description>Encryption value</description>
				<left>220</left>
				<top>190</top>
				<width>165</width>
				<height>25</height>
				<label>$INFO[PVR.ActStreamEncryptionName]</label>
				<align>left</align>
				<aligny>center</aligny>
				<font>font12</font>
				<textcolor>white</textcolor>
			</control>
			<control type="label">
				<description>Provider</description>
				<left>390</left>
				<top>190</top>
				<width>165</width>
				<height>25</height>
				<label>$LOCALIZE[19101]:</label>
				<align>left</align>
				<aligny>center</aligny>
				<font>font12</font>
				<textcolor>grey2</textcolor>
			</control>
			<control type="label">
				<description>Provider value</description>
				<left>560</left>
				<top>190</top>
				<width>165</width>
				<height>25</height>
				<label>$INFO[PVR.ActStreamProviderName]</label>
				<align>left</align>
				<aligny>center</aligny>
				<font>font12</font>
				<textcolor>white</textcolor>
			</control>
			<control type="label">
				<description>Mux</description>
				<left>730</left>
				<top>190</top>
				<width>165</width>
				<height>25</height>
				<label>$LOCALIZE[19100]:</label>
				<align>left</align>
				<aligny>center</aligny>
				<font>font12</font>
				<textcolor>grey2</textcolor>
			</control>
			<control type="label">
				<description>Mux value</description>
				<left>900</left>
				<top>190</top>
				<width>330</width>
				<height>25</height>
				<label>$INFO[PVR.ActStreamMux]</label>
				<align>left</align>
				<aligny>center</aligny>
				<font>font12</font>
				<textcolor>white</textcolor>
			</control>
		</control>
	</controls>
</window>
