<window>
	<defaultcontrol always="true">21</defaultcontrol>
	<include>dialogeffect</include>
	<coordinates>
		<system>2</system>
		<posx>40</posx>
		<posy>30</posy>
	</coordinates>
	<controls>
		<control type="image">
			<posx>0</posx>
			<posy>0</posy>
			<width>320</width>
			<height>100</height>
			<texture border="40">DialogBack.png</texture>
		</control>
<!---
		<control type="image">
			<description>Dialog Header image</description>
			<posx>40</posx>
			<posy>16</posy>
			<width>240</width>
			<height>40</height>
			<texture>dialogheader.png</texture>
		</control>
--->
		<control type="image">
			<posx>30</posx>
			<posy>15</posy>
			<width>260</width>
			<height>70</height>
			<aspectratio>stretch</aspectratio>
			<texture border="20">KeyboardEditArea.png</texture>
		</control>
		<control type="label" id="4">
			<description>Edit Text</description>
			<posx>35</posx>
			<posy>15</posy>
			<width>250</width>
			<height>70</height>
			<font>font35_title</font>
			<textcolor>selected</textcolor>
			<disabledcolor>grey2</disabledcolor>
			<align>center</align>
			<aligny>center</aligny>
		</control>
<!---
		<control type="image">
			<posx>40</posx>
			<posy>120</posy>
			<width>240</width>
			<height>30</height>
			<aspectratio>stretch</aspectratio>
			<texture>dialogheader.png</texture>
		</control>
--->	
<!---
		<control type="label" id="1">
			<description>dialog Heading</description>
			<posx>20</posx>
			<posy>20</posy>
			<width>280</width>
			<height>35</height>
			<font>font12_title</font>
			<textcolor>selected</textcolor>
			<shadowcolor>black</shadowcolor>
			<align>center</align>
			<aligny>center</aligny>
			<wrapmultiline>true</wrapmultiline>
		</control>
--->
	</controls>
</window>
