<?xml version="1.0" encoding="UTF-8"?>
<window>
	<defaultcontrol always="true">11</defaultcontrol>
	<coordinates>
		<left>780</left>
		<top>30</top>
	</coordinates>
	<include>dialogeffect</include>
	<controls>
		<control type="group">
			<control type="image">
				<description>background image</description>
				<left>0</left>
				<top>0</top>
				<width>480</width>
				<height>660</height>
				<texture border="40">DialogBack2.png</texture>
			</control>
			<control type="button">
				<description>Close Window button</description>
				<left>390</left>
				<top>15</top>
				<width>64</width>
				<height>32</height>
				<label>-</label>
				<font>-</font>
				<onclick>PreviousMenu</onclick>
				<texturefocus>DialogCloseButton-focus.png</texturefocus>
				<texturenofocus>DialogCloseButton.png</texturenofocus>
				<onleft>2</onleft>
				<onright>2</onright>
				<onup>2</onup>
				<ondown>2</ondown>
				<visible>system.getbool(input.enablemouse)</visible>
			</control>
			<control type="image">
				<description>Dialog Header image</description>
				<left>40</left>
				<top>16</top>
				<width>400</width>
				<height>50</height>
				<texture>dialogheader.png</texture>
			</control>
			<control type="label">
				<description>header label</description>
				<left>40</left>
				<top>16</top>
				<width>430</width>
				<height>40</height>
				<font>font12_title</font>
				<label>$LOCALIZE[19023] - $INFO[VideoPlayer.ChannelGroup]</label>
				<align>center</align>
				<aligny>center</aligny>
				<textcolor>blue</textcolor>
				<shadowcolor>black</shadowcolor>
				<visible>!pvr.IsPlayingRadio</visible>
			</control>
			<control type="label">
				<description>header label</description>
				<left>40</left>
				<top>16</top>
				<width>430</width>
				<height>40</height>
				<font>font12_title</font>
				<label>$LOCALIZE[19024] - $INFO[MusicPlayer.ChannelGroup]</label>
				<align>center</align>
				<aligny>center</aligny>
				<textcolor>blue</textcolor>
				<shadowcolor>black</shadowcolor>
				<visible>pvr.IsPlayingRadio</visible>
			</control>
			<control type="label">
				<description>header label</description>
				<left>40</left>
				<top>-7</top>
				<width>430</width>
				<height>120</height>
				<font>font10_title</font>
				<label>$INFO[System.Date(DDD)], $INFO[System.Date(d)] $INFO[System.Date(mmm)] $INFO[System.Date(yyyy)] • $INFO[System.Time]</label>
				<align>center</align>
				<aligny>center</aligny>
				<textcolor>grey</textcolor>
				<shadowcolor>black</shadowcolor>
			</control>
			<control type="list" id="11">
				<left>30</left>
				<top>70</top>
				<width>410</width>
				<height>455</height>
				<onleft>PreviousChannelGroup</onleft>
				<onright>60</onright>
				<onup>11</onup>
				<ondown>11</ondown>
				<viewtype label="535">list</viewtype>
				<pagecontrol>60</pagecontrol>
				<scrolltime>200</scrolltime>
				<itemlayout height="70" width="410">
					<control type="image">
						<left>0</left>
						<top>0</top>
						<width>410</width>
						<height>65</height>
						<texture border="5">button-nofocus.png</texture>
						<include>VisibleFadeEffect</include>
					</control>
					<control type="image" id="1">
						<posx>380</posx>
						<posy>0</posy>
						<width>30</width>
						<height>30</height>
						<texture>dollar_sel.png</texture>
						<visible>ListItem.IsEncrypted</visible>
					</control>				
					<control type="label">
						<posx>5</posx>
						<posy>0</posy>
						<width>60</width>
						<height>30</height>
						<font>font12</font>
						<align>left</align>
						<aligny>center</aligny>
						<textcolor>grey</textcolor>
						<selectedcolor>grey</selectedcolor>
						<info>ListItem.ChannelNumberLabel</info>
					</control>
					<control type="image">
						<left>45</left>
						<top>5</top>
						<width>30</width>
						<height>20</height>
						<texture>PVR-IsRecording.png</texture>
						<visible>ListItem.IsRecording</visible>
					</control>
					<control type="label">
						<posx>80</posx>
						<posy>0</posy>
						<width>320</width>
						<height>25</height>
						<font>font13</font>
						<textcolor>white</textcolor>
						<selectedcolor>selected</selectedcolor>
						<align>left</align>
						<aligny>center</aligny>
						<label>$INFO[ListItem.Label]</label>
					</control>
					<control type="label">
						<posx>80</posx>
						<posy>25</posy>
						<width>320</width>
						<height>20</height>
						<font>font12</font>
						<textcolor>grey</textcolor>
						<selectedcolor>grey</selectedcolor>
						<align>left</align>
						<aligny>center</aligny>
						<label>$INFO[ListItem.Title]</label>
						<visible>IsEmpty(Listitem.Icon)</visible>
					</control>
					<control type="label">
						<posx>80</posx>
						<posy>25</posy>
						<width>270</width>
						<height>20</height>
						<font>font12</font>
						<textcolor>grey</textcolor>
						<selectedcolor>grey</selectedcolor>
						<align>left</align>
						<aligny>center</aligny>
						<label>$INFO[ListItem.Title]</label>
						<visible>!IsEmpty(Listitem.Icon)</visible>
					</control>
					<control type="label">
						<posx>80</posx>
						<posy>44</posy>
						<width>60</width>
						<height>20</height>
						<font>font10_title</font>
						<textcolor>blue</textcolor>
						<selectedcolor>blue</selectedcolor>
						<aligny>center</aligny>
						<label>$INFO[ListItem.StartTime]</label>
						<visible>ListItem.HasEpg</visible>
					</control>
					<control type="progress">
						<description>Progressbar</description>
						<posx>140</posx>
						<posy>53</posy>
						<width>200</width>
						<height>6</height>
						<colordiffuse>88FFFFFF</colordiffuse>
						<info>ListItem.Progress</info>
						<visible>ListItem.HasEpg</visible>
					</control>
					<control type="label">
						<posx>355</posx>
						<posy>44</posy>
						<width>60</width>
						<height>20</height>
						<font>font10_title</font>
						<textcolor>blue</textcolor>
						<selectedcolor>blue</selectedcolor>
						<aligny>center</aligny>
						<label>$INFO[ListItem.EndTime]</label>
						<visible>ListItem.HasEpg</visible>
					</control>
					<control type="image">
						<posx>5</posx>
						<posy>30</posy>
						<width>40</width>
						<height>36</height>
						<texture>$INFO[ListItem.Icon]</texture>
						<aspectratio>keep</aspectratio>
					</control>
				</itemlayout>
				<focusedlayout height="70" width="410">
					<control type="image">
						<left>0</left>
						<top>0</top>
						<width>410</width>
						<height>65</height>
						<texture border="5">button-nofocus.png</texture>
						<visible>!Control.HasFocus(11)</visible>
						<include>VisibleFadeEffect</include>
					</control>
					<control type="image" id="1">
						<posx>380</posx>
						<posy>0</posy>
						<width>30</width>
						<height>30</height>
						<texture>dollar_sel.png</texture>
						<visible>ListItem.IsEncrypted</visible>
					</control>		
					<control type="image">
						<posx>0</posx>
						<posy>0</posy>
						<width>410</width>
						<height>65</height>
						<texture border="5">button-focus2.png</texture>
						<visible>Control.HasFocus(11)</visible>
						<include>VisibleFadeEffect</include>
					</control>
					<control type="label">
						<posx>5</posx>
						<posy>0</posy>
						<width>60</width>
						<height>30</height>
						<font>font12</font>
						<align>left</align>
						<aligny>center</aligny>
						<textcolor>grey</textcolor>
						<selectedcolor>grey</selectedcolor>
						<info>ListItem.ChannelNumber</info>
					</control>
					<control type="image">
						<posx>45</posx>
						<posy>5</posy>
						<width>30</width>
						<height>20</height>
						<texture>PVR-IsRecording.png</texture>
						<visible>ListItem.IsRecording</visible>
					</control>
					<control type="label">
						<posx>80</posx>
						<posy>0</posy>
						<width>320</width>
						<height>25</height>
						<font>font13</font>
						<textcolor>white</textcolor>
						<selectedcolor>selected</selectedcolor>
						<align>left</align>
						<aligny>center</aligny>
						<label>$INFO[ListItem.Label]</label>
					</control>
					<control type="label">
						<posx>80</posx>
						<posy>25</posy>
						<width>320</width>
						<height>20</height>
						<font>font12</font>
						<textcolor>grey</textcolor>
						<selectedcolor>grey</selectedcolor>
						<align>left</align>
						<aligny>center</aligny>
						<label>$INFO[ListItem.Title]</label>
						<visible>IsEmpty(Listitem.Icon)</visible>
					</control>
					<control type="label">
						<posx>80</posx>
						<posy>25</posy>
						<width>270</width>
						<height>20</height>
						<font>font12</font>
						<textcolor>grey</textcolor>
						<selectedcolor>grey</selectedcolor>
						<align>left</align>
						<aligny>center</aligny>
						<label>$INFO[ListItem.Title]</label>
						<visible>!IsEmpty(Listitem.Icon)</visible>
					</control>
					<control type="label">
						<posx>80</posx>
						<posy>44</posy>
						<width>60</width>
						<height>20</height>
						<font>font10_title</font>
						<textcolor>blue</textcolor>
						<selectedcolor>blue</selectedcolor>
						<aligny>center</aligny>
						<label>$INFO[ListItem.StartTime]</label>
						<visible>ListItem.HasEpg</visible>
					</control>
					<control type="progress">
						<description>Progressbar</description>
						<posx>140</posx>
						<posy>53</posy>
						<width>200</width>
						<height>6</height>
						<colordiffuse>88FFFFFF</colordiffuse>
						<info>ListItem.Progress</info>
						<visible>ListItem.HasEpg</visible>
					</control>
					<control type="label">
						<posx>355</posx>
						<posy>44</posy>
						<width>60</width>
						<height>20</height>
						<font>font10_title</font>
						<textcolor>blue</textcolor>
						<selectedcolor>blue</selectedcolor>
						<aligny>center</aligny>
						<label>$INFO[ListItem.EndTime]</label>
						<visible>ListItem.HasEpg</visible>
					</control>
					<control type="image">
						<posx>5</posx>
						<posy>30</posy>
						<width>40</width>
						<height>36</height>
						<texture>$INFO[ListItem.Icon]</texture>
						<aspectratio>keep</aspectratio>
					</control>
				</focusedlayout>
			</control>
			<control type="scrollbar" id="60">
				<posx>440</posx>
				<posy>70</posy>
				<width>25</width>
				<height>520</height>
				<texturesliderbackground border="0,14,0,14">ScrollBarV.png</texturesliderbackground>
				<texturesliderbar border="0,14,0,14">ScrollBarV_bar.png</texturesliderbar>
				<texturesliderbarfocus border="0,14,0,14">ScrollBarV_bar_focus.png</texturesliderbarfocus>
				<textureslidernib>ScrollBarNib.png</textureslidernib>
				<textureslidernibfocus>ScrollBarNib.png</textureslidernibfocus>
				<onleft>11</onleft>
				<onright>NextChannelGroup</onright>
				<ondown>61</ondown>
				<onup>61</onup>
				<showonepage>false</showonepage>
				<orientation>vertical</orientation>
			</control>
			<control type="label" id="30">
				<description>Sat Info</description>
				<posx>40</posx>
				<posy>550</posy>
				<width>410</width>
				<height>35</height>
				<font>font12</font>
				<textcolor>blue</textcolor>
			</control>	
<!--
			<control type="label">
				<description>Page Count Label</description>
				<left>50</left>
				<top>610</top>
				<width>400</width>
				<height>20</height>
				<font>font12</font>
				<textcolor>grey</textcolor>
				<scroll>false</scroll>
				<align>right</align>
				<aligny>center</aligny>
				<label>([COLOR=blue]$INFO[Container(11).NumItems][/COLOR]) $LOCALIZE[19019] - $LOCALIZE[31024] ([COLOR=blue]$INFO[Container(11).CurrentPage]/$INFO[Container(11).NumPages][/COLOR])</label>
				<include>Window_OpenClose_Animation</include>
			</control>
-->
			<control type="image">
				<posx>40</posx>
				<posy>609</posy>
				<width>24</width>
				<height>20</height>
				<texture>f1_red.png</texture>
			</control>
			<control type="label">
				<description>Sort</description>
				<posx>65</posx>
				<posy>607</posy>
				<width>60</width>
				<height>20</height>
				<font>font12</font>
				<textcolor>grey</textcolor>
				<label>Sort</label>
			</control>	
			<control type="image">
				<posx>130</posx>
				<posy>609</posy>
				<width>24</width>
				<height>20</height>
				<texture>f2_green.png</texture>
			</control>
			<control type="label">
				<description>TV RADIO</description>
				<posx>155</posx>
				<posy>607</posy>
				<width>90</width>
				<height>20</height>
				<font>font12</font>
				<textcolor>grey</textcolor>
				<label>TV/Radio</label>
			</control>	
			<control type="image">
				<posx>260</posx>
				<posy>605</posy>
				<width>48</width>
				<height>24</height>
				<texture>fav.png</texture>
			</control>
			<control type="label">
				<description>Group</description>
				<posx>310</posx>
				<posy>607</posy>
				<width>60</width>
				<height>20</height>
				<font>font12</font>
				<textcolor>grey</textcolor>
				<label>Group</label>
			</control>	

		</control>
	</controls>
</window>
