<window type="dialog">
	<defaultcontrol always="true">3</defaultcontrol>
	<coordinates>
		<system>1</system>
		<posx>340</posx>
		<posy>30</posy>
	</coordinates>
	<include>dialogeffect</include>
	<controls>
		<control type="image">
			<description>background image</description>
			<posx>0</posx>
			<posy>0</posy>
			<width>600</width>
			<height>565</height>
			<texture border="40">DialogBack.png</texture>
			<visible>![Window.IsVisible(FullscreenVideo) | Window.IsVisible(Visualisation)]</visible>
		</control>
		<control type="image">
			<description>background image</description>
			<posx>0</posx>
			<posy>0</posy>
			<width>600</width>
			<height>565</height>
			<texture border="40">DialogBack2.png</texture>
			<visible>Window.IsVisible(FullscreenVideo) | Window.IsVisible(Visualisation)</visible>
		</control>
		<control type="image">
			<description>Dialog Header image</description>
			<posx>40</posx>
			<posy>16</posy>
			<width>520</width>
			<height>40</height>
			<texture>dialogheader.png</texture>
		</control>
		<control type="label" id="1">
			<description>header label</description>
			<posx>40</posx>
			<posy>20</posy>
			<width>520</width>
			<height>30</height>
			<font>font13_title</font>
			<label>$LOCALIZE[13406]</label>
			<align>center</align>
			<aligny>center</aligny>
			<textcolor>selected</textcolor>
			<shadowcolor>black</shadowcolor>
		</control>
		<control type="button">
			<description>Close Window button</description>
			<posx>510</posx>
			<posy>15</posy>
			<width>64</width>
			<height>32</height>
			<label>-</label>
			<font>-</font>
			<onclick>PreviousMenu</onclick>
			<texturefocus>DialogCloseButton-focus.png</texturefocus>
			<texturenofocus>DialogCloseButton.png</texturenofocus>
			<onleft>10</onleft>
			<onright>10</onright>
			<onup>10</onup>
			<ondown>10</ondown>
			<visible>system.getbool(input.enablemouse)</visible>
		</control>

		<control type="label" id="12">
			<description>channel name</description>
			<posx>20</posx>
			<posy>67</posy>
			<width>540</width>
			<height>40</height>
			<font>font13_title</font>
			<align>center</align>
			<aligny>center</aligny>
			<textcolor>grey2</textcolor>
			<shadowcolor>black</shadowcolor>
			<visible>true</visible>
		</control>

	
		<control type="group">

			<control type="list" id="3">
				<posx>20</posx>
				<posy>107</posy>
				<width>540</width>
				<height>368</height>
				<onup>3</onup>
				<ondown>5</ondown>
				<onleft>5</onleft>
				<onright>5</onright>
				<pagecontrol>60</pagecontrol>
				<scrolltime>200</scrolltime>
				<animation effect="slide" start="0,0" end="10,0" time="0" condition="!Control.IsVisible(61)">Conditional</animation>
				<itemlayout height="46" width="350">
					<control type="image">
						<posx>0</posx>
						<posy>0</posy>
						<width>530</width>
						<height>40</height>
						<texture border="5">button-nofocus.png</texture>
					</control>
					<control type="label">
						<posx>20</posx>
						<posy>0</posy>
						<width>490</width>
						<height>40</height>
						<font>font13</font>
						<textcolor>grey2</textcolor>
						<selectedcolor>selected</selectedcolor>
						<align>left</align>
						<aligny>center</aligny>
						<label>$INFO[ListItem.Label]</label>
					</control>
					<control type="image">
						<posx>500</posx>
						<posy>10</posy>
						<width>20</width>
						<height>20</height>
						<texture>OverlayWatched.png</texture>
						<visible>ListItem.Property(Changed)</visible>
					</control>				
				</itemlayout>
				<focusedlayout height="46" width="350">
					<control type="image">
						<posx>0</posx>
						<posy>0</posy>
						<width>530</width>
						<height>40</height>
						<texture border="5">button-nofocus.png</texture>
						<visible>!Control.HasFocus(3)</visible>
						<include>VisibleFadeEffect</include>
					</control>
					<control type="image">
						<posx>0</posx>
						<posy>0</posy>
						<width>530</width>
						<height>40</height>
						<texture border="5">button-focus2.png</texture>
						<visible>Control.HasFocus(3)</visible>
						<include>VisibleFadeEffect</include>
					</control>
					<control type="label">
						<posx>20</posx>
						<posy>0</posy>
						<width>490</width>
						<height>40</height>
						<font>font13</font>
						<textcolor>white</textcolor>
						<selectedcolor>selected</selectedcolor>
						<align>left</align>
						<aligny>center</aligny>
						<label>$INFO[ListItem.Label]</label>
					</control>
					<control type="image">
						<posx>500</posx>
						<posy>10</posy>
						<width>20</width>
						<height>20</height>
						<texture>OverlayWatched.png</texture>
						<visible>ListItem.Property(Changed)</visible>
					</control>								
				</focusedlayout>
			</control>
			<control type="scrollbar" id="60">
				<posx>560</posx>
				<posy>107</posy>
				<width>25</width>
				<height>368</height>
				<texturesliderbackground border="0,14,0,14">ScrollBarV.png</texturesliderbackground>
				<texturesliderbar border="0,14,0,14">ScrollBarV_bar.png</texturesliderbar>
				<texturesliderbarfocus border="0,14,0,14">ScrollBarV_bar_focus.png</texturesliderbarfocus>
				<textureslidernib>ScrollBarNib.png</textureslidernib>
				<textureslidernibfocus>ScrollBarNib.png</textureslidernibfocus>
				<onleft>3</onleft>
				<onright>3</onright>
				<ondown>5</ondown>
				<onup>5</onup>
				<showonepage>false</showonepage>
				<orientation>vertical</orientation>
			</control>


			<control type="button" id="5">
				<description>Apply button</description>
				<posx>200</posx>
				<posy>500</posy>
				<width>200</width>
				<height>40</height>
				<label>186</label>
				<font>font12_title</font>
				<textcolor>white</textcolor>
				<focusedcolor>white</focusedcolor>
				<align>center</align>
				<onup>3</onup>
				<ondown>5</ondown>
				<onleft>3</onleft>
				<onright>3</onright>
				<pagecontrol>3</pagecontrol>
			</control>
		</control>

	</controls>
</window>

