<?xml version="1.0" encoding="UTF-8" standalone="yes"?>
<addon id="plugin.video.evolutionmedia"
       name="[COLOR white] EVOLUTION [/COLOR][COLOR white] TV[/COLOR]"
       version="1.3.1"
       provider-name="[COLOR red]TEC[/COLOR] [COLOR white]TV[/COLOR] ">
  <requires>
    <import addon="xbmc.python" version="2.1.0"/>
	<import addon="script.module.t0mm0.common" version="2.0.0"/>
    <import addon="script.module.beautifulsoup" version="3.2.1"/>
    <import addon="script.module.simple.downloader" version="0.9.4"/>
    <import addon="script.module.beautifulsoup4" />
    <import addon="script.module.simple.downloader" version="0.9.4"/>
    <import addon="script.module.requests" />
    <import addon="script.module.httplib2" />
    <import addon="script.module.youtube.dl" optional="true"/>
    <import addon="plugin.video.youtube" version="3.0.0"/>
    <import addon="script.module.urlresolver" optional="true"/>
    <import addon="script.module.simplejson" /> 
    <import addon="script.common.plugin.cache" version="2.5.2"/>
    <import addon="script.module.metahandler" version="2.5.1"/>
  </requires>
  <extension point="xbmc.python.pluginsource" library="f4m.py">
    <provides>video</provides>
  </extension>
  <extension point="xbmc.addon.metadata">
    <summary>[B][COLOR white]No Evolution Media Center Você encontra a verdadeira evolução do Kodi![/COLOR][/B]</summary>
    <description lang="en">[B][COLOR yelow]EVOLUTION MEDIA É Apenas Um AGREGADOR De Links E Assim Como O Google.com, Apenas Agrega E Organiza Os Links Externos. Não Somos Responsáveis Pelos Conteúdos Encontrados Aqui.[/COLOR][/B]</description>
    <disclaimer lang="en"></disclaimer>
	<platform>all</platform>

  </extension>
</addon>

