<!-- PURPLE COLOR SET BY FREAKYLINUX GUY -->
<colors>
    <!-- CONFLUENCE LITE COLORS -->
	<color name="white">FFffffff</color>
	<color name="grey">FFb4b4b4</color>
	<color name="grey2">88FFFFFF</color>
	<color name="grey3">33FFFFFF</color>
	<color name="grey4">17FFFFFF</color>
	<color name="black">FF000000</color>
	<color name="blue">FF7f2baa</color>                        
	<color name="selected">FF994dc0</color>                    
	<color name="dialogheader">FF0804d2</color>                
	<color name="orange">FF6f04d2</color>                       
	<!-- CONFLUENCE MOD ADVANCED COLORS -->
	<color name="MenuFocus">FF7f2baa</color><!--blue-->
	<color name="MenuNoFocus">33FFFFFF</color><!--grey3-->
	<color name="SubMenu">88FFFFFF</color><!--grey2-->
	<color name="CommonBtnFocus">ffffffff</color><!--white-->
	<color name="CommonBtnNoFocus">88FFFFFF</color><!--grey2-->
	<color name="HomeInfoOne">ffffffff</color><!--white-->
	<color name="HomeInfoTwo">FF7f2baa</color><!--blue-->
	<color name="HomeInfoThree">88FFFFFF</color><!--grey2-->
	<color name="StatsName">FF7f2baa</color><!--white-->
	<color name="StatsAmnt">FF6f04d2</color><!--white-->
	<!-- RSS FEED -->
	<color name="RSSText">FFFFFFFF</color><!--blue-->
	<color name="RSSTitle">FF6F04D2</color><!--blue-->
	<color name="RSSHiLite">FFFFFFFF</color>
	<!--ADVANCED COLORS CLOCK -->
	<color name="HomeInfoDate">FF6f04d2</color><!--white-->
	<color name="HomeInfoClock">FF7f2baa</color><!--white-->
	<!--ADNVANCED COLORS HOME ALBUM INFO -->
	<color name="NowPlayAlbum">ffffffff</color><!--white-->
	<color name="NowPlayTItle">ff6f04d2</color><!--white-->
	<color name="NowPlayTime">ffffffff</color><!--white-->
</colors>
