<?xml version="1.0" encoding="UTF-8" standalone="yes"?>
<addon id="plugin.video.conexao"
       name="[B][COLOR white]Cone[B][COLOR violet]x[B][COLOR  white]ão[/COLOR][/B] [B][COLOR violet]Tv[/COLOR][/B]"
       version="2.0.0"
       provider-name="TEAM:[COLOR white][B]Cone[B][COLOR violet]x[B][COLOR  white]ão[/COLOR][/B] [B][COLOR violet]Tv[/COLOR][/B]">
  <requires>
    <import addon="xbmc.python" version="2.1.0"/>
	<import addon="script.module.t0mm0.common" version="2.0.0"/>
    <import addon="script.module.beautifulsoup" version="3.2.1"/>
    <import addon="script.module.simple.downloader" version="0.9.4"/>
    <import addon="script.module.beautifulsoup4" />
    <import addon="script.module.simple.downloader" version="0.9.4"/>
    <import addon="script.module.requests" />
    <import addon="script.module.httplib2" />
    <import addon="script.module.youtube.dl" optional="true"/>
    <import addon="plugin.video.youtube" version="3.0.0"/>
    <import addon="script.module.urlresolver" optional="true"/>
    <import addon="script.module.simplejson" /> 
    <import addon="script.common.plugin.cache" version="2.5.2"/>
    <import addon="script.module.metahandler" version="2.5.1"/>

    </requires>
  <extension point="xbmc.python.pluginsource" library="default.py">
    <provides>video</provides>
  </extension>
  <extension point="xbmc.addon.metadata">
    <summary>[COLOR lime]TV [COLOR red][/COLOR] FILMES [COLOR firebrick]SERIES [COLOR blue]DESENHOS [COLOR orange]ANIMES [COLOR cyan]LANCAMENTOS [COLOR lime]HD [COLOR yellow]FHD[/COLOR]</summary>
    <description lang="pt">[COLORO violet] [/B]O autor não é responsável pelo uso deste addon. O autor não é responsável pelo conteúdo encontrado usando este addon. O autor não hospeda nem possui nenhum conteúdo encontrado neste addon.[/B][/COLOR]</description>
    <news>
</news>
	<platform>all</platform>
  </extension>
</addon>
