<window>
	<defaultcontrol always="true">5</defaultcontrol>
	<allowoverlay>no</allowoverlay>
	<views>2</views>
	<controls>
	<control type="group">
		<posx>340</posx>
		<posy>80</posy>
		<animation type="WindowOpen" reversible="false">
			<effect type="zoom" start="80" end="100" center="640,360" easing="out" tween="back" time="300" />
			<effect type="fade" start="0" end="100" time="300" />
		</animation>
		<animation type="WindowClose" reversible="false">
			<effect type="zoom" start="100" end="80" center="640,360" easing="in" tween="back" time="300" />
			<effect type="fade" start="100" end="0" time="300" />
		</animation>
		<control type="image">
			<posx>0</posx>
			<posy>0</posy>
			<width>600</width>
			<height>480</height>
			<texture>DialogBack.png</texture>
		</control>
<!--
		<control type="label" id="41">
			<description>Sat Item</description>
			<posx>46</posx>
			<posy>20</posy>
			<width>214</width>
			<height>40</height>
			<label>$ADDON[pvr.sky 32022]</label>
			<aligny>center</aligny>
			<font>font13</font>
		</control>
-->
		<control type="label" id="42">
			<description>Sat Val</description>
			<posx>40</posx>
			<posy>40</posy>
			<width>520</width>
			<height>40</height>
			<label>-</label>
			<align>center</align>
			<aligny>center</aligny>			
			<font>font13</font>
			<textcolor>yellow</textcolor>
		</control>
<!--
		<control type="label" id="43">
			<description>Freq Item</description>
			<posx>46</posx>
			<posy>60</posy>
			<width>214</width>
			<height>40</height>
			<label>$ADDON[pvr.sky 32049]</label>
			<aligny>center</aligny>
			<font>font13</font>
		</control>
-->
		<control type="label" id="44">
			<description>Freq Val</description>
			<posx>40</posx>
			<posy>80</posy>
			<width>520</width>
			<height>40</height>
			<label>-</label>
			<align>center</align>
			<aligny>center</aligny>			
			<font>font13</font>
			<textcolor>yellow</textcolor>
		</control>

		<control type="edit" id="51">
			<description>Channel Number</description>
			<posx>40</posx>
			<posy>120</posy>
			<width>520</width>
			<height>40</height>
			<font>font13</font>
			<textcolor>grey2</textcolor>
			<focusedcolor>white</focusedcolor>
			<texturefocus border="0,2,0,2">MenuItemFO.png</texturefocus>
			<texturenofocus border="0,2,0,2">MenuItemNF.png</texturenofocus>
			<aligny>center</aligny>
			<label>$ADDON[pvr.sky 32106]</label>
			<onright>51</onright>
			<onleft>51</onleft>
			<onup>60</onup>
			<ondown>52</ondown>
		</control>

		<control type="edit" id="52">
			<description>Channel Name</description>
			<posx>40</posx>
			<posy>160</posy>
			<width>520</width>
			<height>40</height>
			<font>font13</font>
			<textcolor>grey2</textcolor>
			<focusedcolor>white</focusedcolor>
			<texturefocus border="0,2,0,2">MenuItemFO.png</texturefocus>
			<texturenofocus border="0,2,0,2">MenuItemNF.png</texturenofocus>
			<aligny>center</aligny>
			<label>$ADDON[pvr.sky 32107]</label>
			<onright>52</onright>
			<onleft>52</onleft>
			<onup>51</onup>
			<ondown>53</ondown>
		</control>
	
		<control type="edit" id="53">
			<description>Video PID</description>
			<posx>40</posx>
			<posy>200</posy>
			<width>520</width>
			<height>40</height>
			<font>font13</font>
			<textcolor>grey2</textcolor>
			<focusedcolor>white</focusedcolor>
			<texturefocus border="0,2,0,2">MenuItemFO.png</texturefocus>
			<texturenofocus border="0,2,0,2">MenuItemNF.png</texturenofocus>
			<aligny>center</aligny>
			<label>$ADDON[pvr.sky 32100]</label>
			<onright>53</onright>
			<onleft>53</onleft>
			<onup>52</onup>
			<ondown>54</ondown>
		</control>
		<control type="spincontrolex" id="54">
			<description>Video Type</description>
			<posx>40</posx>
			<posy>240</posy>
			<width>520</width>
			<height>40</height>
			<font>font13</font>
			<textcolor>grey2</textcolor>
			<focusedcolor>white</focusedcolor>
			<texturefocus border="0,2,0,2">MenuItemFO.png</texturefocus>
			<texturenofocus border="0,2,0,2">MenuItemNF.png</texturenofocus>
			<aligny>center</aligny>
			<label>$ADDON[pvr.sky 32101]</label>
			<onright>54</onright>
			<onleft>54</onleft>
			<onup>53</onup>
			<ondown>55</ondown>
		</control>		
		<control type="edit" id="55">
			<description>Audio PID</description>
			<posx>40</posx>
			<posy>280</posy>
			<width>520</width>
			<height>40</height>
			<font>font13</font>
			<textcolor>grey2</textcolor>
			<focusedcolor>white</focusedcolor>
			<texturefocus border="0,2,0,2">MenuItemFO.png</texturefocus>
			<texturenofocus border="0,2,0,2">MenuItemNF.png</texturenofocus>
			<aligny>center</aligny>
			<label>$ADDON[pvr.sky 32102]</label>
			<onright>55</onright>
			<onleft>55</onleft>
			<onup>54</onup>
			<ondown>56</ondown>
		</control>
		<control type="spincontrolex" id="56">
			<description>Audio Type</description>
			<posx>40</posx>
			<posy>320</posy>
			<width>520</width>
			<height>40</height>
			<font>font13</font>
			<textcolor>grey2</textcolor>
			<focusedcolor>white</focusedcolor>
			<texturefocus border="0,2,0,2">MenuItemFO.png</texturefocus>
			<texturenofocus border="0,2,0,2">MenuItemNF.png</texturenofocus>
			<aligny>center</aligny>
			<label>$ADDON[pvr.sky 32103]</label>
			<onright>56</onright>
			<onleft>56</onleft>
			<onup>55</onup>
			<ondown>57</ondown>
		</control>		
		<control type="edit" id="57">
			<description>PCR PID</description>
			<posx>40</posx>
			<posy>360</posy>
			<width>520</width>
			<height>40</height>
			<font>font13</font>
			<textcolor>grey2</textcolor>
			<focusedcolor>white</focusedcolor>
			<texturefocus border="0,2,0,2">MenuItemFO.png</texturefocus>
			<texturenofocus border="0,2,0,2">MenuItemNF.png</texturenofocus>
			<aligny>center</aligny>
			<label>$ADDON[pvr.sky 32104]</label>
			<onright>57</onright>
			<onleft>57</onleft>
			<onup>56</onup>
			<ondown>60</ondown>
		</control>
		<control type="button" id ="60">
			<description>Yes</description>
			<posx>50</posx>
			<posy>410</posy>
			<width>160</width>
			<height>40</height>
			<label>107</label>
			<font>font13_title</font>
			<textcolor>red</textcolor>
			<shadowcolor>black</shadowcolor>
			<align>center</align>
			<aligny>center</aligny>
			<onleft>61</onleft>
			<onright>61</onright>
			<onup>57</onup>
			<ondown>51</ondown>
		</control>
		<control type="button" id ="61">
			<description>No</description>
			<posx>250</posx>
			<posy>410</posy>
			<width>160</width>
			<height>40</height>
			<label>106</label>
			<font>font13_title</font>
			<textcolor>blue</textcolor>
			<shadowcolor>black</shadowcolor>
			<align>center</align>
			<aligny>center</aligny>
			<onleft>60</onleft>
			<onright>60</onright>
			<onup>57</onup>
			<ondown>51</ondown>
		</control>
	</control>
	</controls>
</window>
		
