<?xml version="1.0" encoding="UTF-8"?>
<window >
	<defaultcontrol always="true">13</defaultcontrol>
	<controls>
	 <control type="group">
    <include>DialogAnimation</include>
    <visible>!Window.IsActive(virtualkeyboard) + !Window.IsActive(filebrowser) + !Window.IsActive(yesnodialog) + !Window.IsActive(okdialog) + !Window.IsActive(shutdownmenu)</visible>
	  <control type="image">
			<left>214</left>
			<top>135</top>
		  <width>852</width>
		  <height>57</height>
		  <colordiffuse>blue</colordiffuse>
		  <texture background="true" border="9">dialogs/other/header.png</texture>
	  </control>
	  <control type="image">
			<left>214</left>
			<top>189</top>
		  <width>852</width>
		  <height>387</height>
		  <texture background="true" border="39,19,39,19">dialogs/other/body.png</texture>
	  </control>
		<control type="image">
			<left>216</left>
			<top>188</top>
			<width>848</width>
			<height>4</height>
			<aspectratio>stretch</aspectratio>
			<texture background="true">dialogs/other/header_line.png</texture>
		</control>
		<control type="image">
			<description>background image</description>
			<include>FullscreenDimensions</include>
			<texture background="true">dialogs/pvr/bg_groupmanager.png</texture>
		</control>
		<control type="label">
			<description>header label</description>
			<left>227</left>
			<top>148</top>
			<width>750</width>
	    <include>DialogsHeaderLabel</include>
			<label>$LOCALIZE[19143]</label>
		</control>

		<control type="button">
			<description>Channels GroupsList Label/Items</description>
			<left>235</left>
			<top>207</top>
    	<width>255</width>
			<height>40</height>
			<font>FontSize_18B</font>
			<textcolor>blue</textcolor>
			<shadowcolor>99000000</shadowcolor>
		  <include>TopButton</include>
    	<label>[B]$LOCALIZE[31350]:[/B]</label>
			<label2>$INFO[Container(13).NumItems]</label2>
		</control>
		<control type="button">
			<description>Hidden TVChannels Label/Items</description>
			<left>512</left>
			<top>207</top>
    	<width>255</width>
			<height>40</height>
			<font>FontSize_18B</font>
			<textcolor>blue</textcolor>
			<shadowcolor>99000000</shadowcolor>
		  <include>TopButton</include>
    	<label>[B]$INFO[Control.GetLabel(21)]:[/B]</label>
			<label2>$INFO[Container(11).NumItems]</label2>
		</control>
		<control type="button">
			<description>Visible TVChannels Label/Items</description>
			<left>790</left>
			<top>207</top>
    	<width>255</width>
			<height>40</height>
			<font>FontSize_18B</font>
			<textcolor>blue</textcolor>
			<shadowcolor>99000000</shadowcolor>
		  <include>TopButton</include>
    	<label>[B]$INFO[Control.GetLabel(22)]:[/B]</label>
			<label2>$INFO[Container(12).NumItems]</label2>
		</control>

		<control type="group" id="10010">
			<control type="group">
				<description>Channels GroupsList</description>
				<left>232</left>
				<top>250</top>
				<control type="list" id="13">
					<left>0</left>
					<top>0</top>
					<width>260</width>
					<height>308</height>
					<onup>13</onup>
					<ondown>13</ondown>
					<onleft>10000</onleft>
					<onright>11</onright>
					<scrolltime>200</scrolltime>
					<itemlayout height="44" width="260">
						<control type="label">
							<left>10</left>
							<top>0</top>
							<width>210</width>
							<height>40</height>
							<font>FontSize_20</font>
							<textcolor>77white</textcolor>
							<selectedcolor>selected</selectedcolor>
							<align>left</align>
							<aligny>center</aligny>
							<info>ListItem.Label</info>
						</control>
					</itemlayout>
					<focusedlayout height="44" width="400">
						<control type="image">
							<left>0</left>
							<top>0</top>
							<width>260</width>
							<height>40</height>
							<texture>buttons/focus.png</texture>
						  <animation effect="fade" start="100" end="0" time="100" condition="!Control.HasFocus(13)">conditional</animation>
	            <include>ListFocusAnimation</include>
						</control>
						<control type="image">
							<left>0</left>
							<top>0</top>
							<width>260</width>
							<height>40</height>
						  <texture>dialogs/selectdialog/selected.png</texture>
						  <animation effect="fade" start="100" end="0" time="100" condition="Control.HasFocus(13)">conditional</animation>
						</control>
						<control type="label">
							<left>10</left>
							<top>0</top>
							<width>210</width>
							<height>40</height>
							<font>FontSize_20</font>
							<textcolor>white</textcolor>
							<selectedcolor>selected</selectedcolor>
							<align>left</align>
							<aligny>center</aligny>
							<info>ListItem.Label</info>
						</control>
					</focusedlayout>
				</control>
			</control>
	
			<control type="group">
				<description>Hidden TV Channels</description>
				<left>510</left>
				<top>250</top>
				<control type="list" id="11">
					<left>0</left>
					<top>0</top>
					<width>260</width>
					<height>308</height>
					<onup>11</onup>
					<ondown>11</ondown>
					<onleft>13</onleft>
					<onright>12</onright>
					<scrolltime>200</scrolltime>
					<itemlayout height="44" width="260">
						<control type="image">
							<left>6</left>
							<top>3</top>
							<width>34</width>
							<height>34</height>
		          <colordiffuse>77white</colordiffuse>
						  <aspectratio align="center" aligny="center">keep</aspectratio>
							<texture fallback="windows/pvr/channel_icon.png">$INFO[ListItem.Icon]</texture>
						</control>
						<control type="label">
							<left>45</left>
							<top>0</top>
							<width>210</width>
							<height>40</height>
							<font>FontSize_20</font>
							<textcolor>77white</textcolor>
							<selectedcolor>selected</selectedcolor>
							<align>left</align>
							<aligny>center</aligny>
							<label>$INFO[ListItem.ChannelNumber,,. ]$INFO[ListItem.ChannelName]</label>
						</control>
					</itemlayout>
					<focusedlayout height="44" width="260">
						<control type="image">
							<left>0</left>
							<top>0</top>
							<width>260</width>
							<height>40</height>
							<texture>buttons/focus.png</texture>
						  <animation effect="fade" start="100" end="0" time="100" condition="!Control.HasFocus(11)">conditional</animation>
	            <include>ListFocusAnimation</include>
						</control>
						<control type="image">
							<left>0</left>
							<top>0</top>
							<width>260</width>
							<height>40</height>
						  <texture>dialogs/selectdialog/selected.png</texture>
						  <animation effect="fade" start="100" end="0" time="100" condition="Control.HasFocus(11)">conditional</animation>
						</control>
						<control type="image">
							<left>6</left>
							<top>3</top>
							<width>34</width>
							<height>34</height>
						  <aspectratio align="center" aligny="center">keep</aspectratio>
							<texture fallback="windows/pvr/channel_icon.png">$INFO[ListItem.Icon]</texture>
						</control>
						<control type="label">
							<left>45</left>
							<top>0</top>
							<width>210</width>
							<height>40</height>
							<font>FontSize_20</font>
							<textcolor>white</textcolor>
							<selectedcolor>selected</selectedcolor>
							<align>left</align>
							<aligny>center</aligny>
							<label>$INFO[ListItem.ChannelNumber,,. ]$INFO[ListItem.ChannelName]</label>
						</control>
					</focusedlayout>
				</control>
			</control>
	
			<control type="group">
				<description>Visible TV Channels</description>
				<left>788</left>
				<top>250</top>
				<control type="list" id="12">
					<left>0</left>
					<top>0</top>
					<width>260</width>
					<height>308</height>
					<onup>12</onup>
					<ondown>12</ondown>
					<onleft>11</onleft>
					<onright>10000</onright>
					<scrolltime>200</scrolltime>
					<itemlayout height="44" width="260">
						<control type="image">
							<left>6</left>
							<top>3</top>
							<width>34</width>
							<height>34</height>
		          <colordiffuse>77white</colordiffuse>
						  <aspectratio align="center" aligny="center">keep</aspectratio>
							<texture fallback="windows/pvr/channel_icon.png">$INFO[ListItem.Icon]</texture>
						</control>
						<control type="label">
							<left>45</left>
							<top>0</top>
							<width>210</width>
							<height>40</height>
							<font>FontSize_20</font>
							<textcolor>77white</textcolor>
							<selectedcolor>selected</selectedcolor>
							<align>left</align>
							<aligny>center</aligny>
							<label>$INFO[ListItem.ChannelNumber,,. ]$INFO[ListItem.ChannelName]</label>
						</control>
					</itemlayout>
					<focusedlayout height="44" width="260">
						<control type="image">
							<left>0</left>
							<top>0</top>
							<width>260</width>
							<height>40</height>
							<texture>buttons/focus.png</texture>
						  <animation effect="fade" start="100" end="0" time="100" condition="!Control.HasFocus(12)">conditional</animation>
	            <include>ListFocusAnimation</include>
						</control>
						<control type="image">
							<left>0</left>
							<top>0</top>
							<width>260</width>
							<height>40</height>
						  <texture>dialogs/selectdialog/selected.png</texture>
						  <animation effect="fade" start="100" end="0" time="100" condition="Control.HasFocus(12)">conditional</animation>
						</control>
						<control type="image">
							<left>6</left>
							<top>3</top>
							<width>34</width>
							<height>34</height>
						  <aspectratio align="center" aligny="center">keep</aspectratio>
							<texture fallback="windows/pvr/channel_icon.png">$INFO[ListItem.Icon]</texture>
						</control>
						<control type="label">
							<left>45</left>
							<top>0</top>
							<width>210</width>
							<height>40</height>
							<font>FontSize_20</font>
							<textcolor>white</textcolor>
							<selectedcolor>selected</selectedcolor>
							<align>left</align>
							<aligny>center</aligny>
							<label>$INFO[ListItem.ChannelNumber,,. ]$INFO[ListItem.ChannelName]</label>
						</control>
					</focusedlayout>
				</control>
			</control>
		</control>		


    <!-- Control Buttons -->
	  <control type="group" id="10000">
			<left>1071</left>
			<top>531</top>
  		<control type="button" id="29">
				<description>Save</description>
    		<width>150</width>
	      <include>DialogsButtonsText</include>
    		<texturefocus border="49,0,49,0">dialogs/buttons/save_focus.png</texturefocus>
    		<texturenofocus border="49,0,49,0">dialogs/buttons/save_nofocus.png</texturenofocus>
  			<onleft>10010</onleft>
  			<onright>10010</onright>
  			<onup>26</onup>
  			<ondown>25</ondown>
				<label>$LOCALIZE[190]</label>
  		</control>
  		<control type="button" id="26">
				<description>Add Group</description>
  			<top>-50</top>
    		<width>200</width>
		    <textwidth>150</textwidth>
	      <include>DialogsButtonsText</include>
    		<texturefocus border="49,0,49,0">dialogs/buttons/add_focus.png</texturefocus>
    		<texturenofocus border="49,0,49,0">dialogs/buttons/add_nofocus.png</texturenofocus>
  			<onleft>10010</onleft>
  			<onright>10010</onright>
  			<onup>27</onup>
  			<ondown>29</ondown>
				<label>$LOCALIZE[31351]</label>
  		</control>
  		<control type="button" id="27">
			  <description>Rename Group</description>
  			<top>-100</top>
    		<width>200</width>
		    <textwidth>150</textwidth>
	      <include>DialogsButtonsText</include>
    		<texturefocus border="49,0,49,0">dialogs/buttons/edit_focus.png</texturefocus>
    		<texturenofocus border="49,0,49,0">dialogs/buttons/edit_nofocus.png</texturenofocus>
  			<onleft>10010</onleft>
  			<onright>10010</onright>
  			<onup>28</onup>
  			<ondown>26</ondown>
				<label>$LOCALIZE[31352]</label>
  		</control>
  		<control type="button" id="28">
				<description>Delete Group</description>
  			<top>-150</top>
    		<width>200</width>
		    <textwidth>150</textwidth>
	      <include>DialogsButtonsText</include>
    		<texturefocus border="49,0,49,0">dialogs/buttons/cancel_focus.png</texturefocus>
    		<texturenofocus border="49,0,49,0">dialogs/buttons/cancel_nofocus.png</texturenofocus>
  			<onleft>10010</onleft>
  			<onright>10010</onright>
  			<onup>25</onup>
  			<ondown>27</ondown>
				<label>$LOCALIZE[31353]</label>
  		</control>
		<control type="radiobutton" id="25">
					<description>Hide Unhide Group</description>
					<top>-200</top>
    		<width>200</width>
		    <textwidth>150</textwidth>
	      <include>DialogsButtonsText</include>
    		<texturefocus border="49,0,49,0">dialogs/buttons/switch_focus.png</texturefocus>
    		<texturenofocus border="49,0,49,0">dialogs/buttons/switch_nofocus.png</texturenofocus>
			<textureradioonfocus>buttons/radio_button_on.png</textureradioonfocus>
			<textureradioonnofocus>-</textureradioonnofocus>
			<textureradioofffocus>buttons/radio_button_off.png</textureradioofffocus>
			<textureradiooffnofocus>-</textureradiooffnofocus>
					<label>19289</label>
					<onleft>10010</onleft>
					<onright>10010</onright>
					<onup>29</onup>
					<ondown>28</ondown>
				</control>
	  </control>

		<control type="label" id="20">
			<description>Fake Label used to pass on name label</description>
			<visible>false</visible>
		</control>
		<control type="label" id="21">
	    <description>Fake Hidden TVChannels Label</description>
			<visible>false</visible>
		</control>
		<control type="label" id="22">
	    <description>Fake Visible TVChannels Label</description>
			<visible>false</visible>
		</control>		
	 </control>
		
	</controls>
</window>