<?xml version="1.0" encoding="UTF-8"?>
<window  id="107">
	<controls>

	 <control type="group">
	  <left>45</left>
		<top>640</top>
		<visible>!Window.IsActive(ShutdownMenu) + !Window.IsVisible(startup) + !Window.IsVisible(loginscreen)</visible>
		<animation effect="slide" start="0,0" end="0,150" time="260" tween="sine" easing="inout" condition="[Window.IsActive(Favourites) + Window.IsActive(ContextMenu)]">Conditional</animation>
	  <include>NowPlaying</include>
		<control type="grouplist">
		  <left>0</left>
			<top>0</top>
			<height>60</height>
			<width>1140</width>
			<align>right</align>
			<aligny>center</aligny>
			<itemgap>5</itemgap>
			<orientation>horizontal</orientation>
			<control type="group">
				<width>640</width>
				<control type="label" id="401">
			    <description>Heading</description>
					<top>0</top>
					<height>33</height>
					<width>640</width>
					<font>NotificationsFont</font>
					<textcolor>white</textcolor>
					<shadowcolor>77000000</shadowcolor>
			    <align>right</align>
			    <aligny>center</aligny>
					<scroll>false</scroll>
				</control>
				<control type="label" id="402">
			    <description>Message</description>
					<top>20</top>
					<height>35</height>
					<width>640</width>
					<font>NotificationsFont</font>
					<textcolor>99white</textcolor>
					<shadowcolor>77000000</shadowcolor>
			    <align>right</align>
			    <aligny>center</aligny>
					<scroll>false</scroll>
				</control>
			</control>
	  </control>
		<control type="group">
			<left>1141</left>
		  <top>-1</top>
			<control type="image" id="400">
				<description>little pic</description>
				<width>55</width>
				<height>55</height>
				<aspectratio>stretch</aspectratio>
			</control>
	  </control>
	 </control>

	</controls>
</window>