<window id="122">
	<defaultcontrol always="true">100</defaultcontrol>
	<controls>
	<control type="button" id="100">
		<include>TopButton</include>
    <onfocus>SetFocus(2)</onfocus>
    <animation effect="fade" start="0" end="100" time="0" delay="50">Focus</animation>
  </control>
		<control type="group">
  		<include>DialogAnimation</include>
			<control type="image">
				<description>background image</description>
				<include>FullscreenDimensions</include>
				<texture>osd/bg_osd_settings.png</texture>
				<!-- <colordiffuse>D9FFFFFF</colordiffuse> -->
			</control>
			<control type="image">
				<description>background image</description>
				<include>FullscreenDimensions</include>
				<texture>osd/bg_osd_settings_lines.png</texture>
				<!-- <colordiffuse>D9FFFFFF</colordiffuse> -->
			  <visible>!Control.IsVisible(4)</visible>
			</control>
			<control type="label">
				<description>Heding Label</description>
				<posx>357</posx>
				<posy>165</posy>
				<width>565</width>
				<label>$LOCALIZE[31309]</label>
				<font>FontSize_36</font>
				<textcolor>white</textcolor>
				<align>center</align>
				<scroll>true</scroll>
				<scrollspeed>20</scrollspeed>
			</control>
			<control type="label" id="4">
				<description>No Settings Label</description>
				<posx>320</posx>
				<posy>195</posy>
				<width>640</width>
				<height>352</height>
				<textcolor>77white</textcolor>
				<align>center</align>
				<label>13389</label>
				<font>FontSize_20</font>
			</control>
			<control type="list" id="2">
				<posx>362</posx>
				<posy>209</posy>
				<width>556</width>
				<height>357</height>
			  <itemgap>4</itemgap>
				<onleft>Close</onleft>
				<onright>Close</onright>
				<onup>2</onup>
				<ondown>2</ondown>
			  <scrolltime tween="Cubic" easing="Out">250</scrolltime>
				<itemlayout height="51" width="558">
					<control type="label">
						<posx>10</posx>
						<posy>0</posy>
						<width>536</width>
						<height>47</height>
						<font>FontSize_20</font>
						<textcolor>77white</textcolor>
						<selectedcolor>selected</selectedcolor>
						<align>left</align>
						<aligny>center</aligny>
						<label>$INFO[ListItem.Label]</label>
					</control>
				</itemlayout>
				<focusedlayout height="51" width="558">
					<control type="image">
						<posx>0</posx>
						<posy>0</posy>
						<width>556</width>
						<height>47</height>
					  <texture>buttons/settings_fo.png</texture>
						<visible>Control.HasFocus(2)</visible>
						<include>VisibleFadeEffect</include>
					</control>
					<control type="label">
						<posx>10</posx>
						<posy>0</posy>
						<width>536</width>
						<height>47</height>
						<font>FontSize_20</font>
						<textcolor>white</textcolor>
						<selectedcolor>selected</selectedcolor>
						<align>left</align>
						<aligny>center</aligny>
						<label>$INFO[ListItem.Label]</label>
					</control>
				</focusedlayout>
			</control>
		</control>
	</controls>
</window>
